location_id,location_name,site_type,fixture_type,source_workbook_type,main_obstruction,installed_lights,nonworking_min,nonworking_max,working_lights_min,working_lights_max,availability_basis,rated_power_w,power_basis,power_source_id,power_source_url,installed_model_verified,technology_status,latitude,longitude,coordinate_status,astronomy_latitude,astronomy_longitude,geometry_scope,timezone,inventory_source,installed_count_basis
LOC001,IITG Border Road,outdoor_road,floodlight,Street lights,Mixed obstructions,400,3,4,396,397,user_occasional_failure_estimate_not_daily_inspection,200,published_manufacturer_rating_selected_for_calculation,PWR_FLOOD,https://www.lighting.philips.co.in/prof/outdoor-luminaires/sports-and-area-floodlighting/area-and-recreational-floodlighting/smartbright-essential-pro-flood-light/919615896610_EU/product,False,led_variant_used_actual_technology_unverified,,,individual_location_unverified,26.18748,91.69056,campus_proxy,Asia/Kolkata,user_workbook_with_conversation_corrections,user_assumed_not_field_counted
LOC002,Surjyamukhi Road,outdoor_road,streetlight,Street lights,Dense trees,150,1,2,148,149,user_occasional_failure_estimate_not_daily_inspection,90,published_manufacturer_rating_selected_for_calculation,PWR_STREET,https://www.signify.com/global/prof/outdoor-luminaires/road-and-street/philips-roadflair-pro/LP_CF_BRP59_EU/family,False,led_variant_used_actual_technology_unverified,,,individual_location_unverified,26.18748,91.69056,campus_proxy,Asia/Kolkata,user_workbook_with_conversation_corrections,user_assumed_not_field_counted
LOC003,IIT Road,outdoor_road,streetlight,Street lights,Open sky / none,50,1,2,48,49,user_occasional_failure_estimate_not_daily_inspection,90,published_manufacturer_rating_selected_for_calculation,PWR_STREET,https://www.signify.com/global/prof/outdoor-luminaires/road-and-street/philips-roadflair-pro/LP_CF_BRP59_EU/family,False,led_variant_used_actual_technology_unverified,,,individual_location_unverified,26.18748,91.69056,campus_proxy,Asia/Kolkata,user_workbook_with_conversation_corrections,user_assumed_not_field_counted
LOC004,Radhasura Road,outdoor_road,streetlight,Street lights,Dense trees,80,1,2,78,79,user_occasional_failure_estimate_not_daily_inspection,90,published_manufacturer_rating_selected_for_calculation,PWR_STREET,https://www.signify.com/global/prof/outdoor-luminaires/road-and-street/philips-roadflair-pro/LP_CF_BRP59_EU/family,False,led_variant_used_actual_technology_unverified,,,individual_location_unverified,26.18748,91.69056,campus_proxy,Asia/Kolkata,user_workbook_with_conversation_corrections,user_assumed_not_field_counted
LOC005,Godhuli Gopal Road,outdoor_road,streetlight,Street lights,Dense trees,40,1,2,38,39,user_occasional_failure_estimate_not_daily_inspection,90,published_manufacturer_rating_selected_for_calculation,PWR_STREET,https://www.signify.com/global/prof/outdoor-luminaires/road-and-street/philips-roadflair-pro/LP_CF_BRP59_EU/family,False,led_variant_used_actual_technology_unverified,,,individual_location_unverified,26.18748,91.69056,campus_proxy,Asia/Kolkata,user_workbook_with_conversation_corrections,user_assumed_not_field_counted
LOC006,Umiam Hostel Road,outdoor_road,streetlight,Street lights,Sparse trees,15,1,2,13,14,user_occasional_failure_estimate_not_daily_inspection,90,published_manufacturer_rating_selected_for_calculation,PWR_STREET,https://www.signify.com/global/prof/outdoor-luminaires/road-and-street/philips-roadflair-pro/LP_CF_BRP59_EU/family,False,led_variant_used_actual_technology_unverified,,,individual_location_unverified,26.18748,91.69056,campus_proxy,Asia/Kolkata,user_workbook_with_conversation_corrections,user_assumed_not_field_counted
LOC007,KV Road,outdoor_road,streetlight,Street lights,Dense trees,30,1,2,28,29,user_occasional_failure_estimate_not_daily_inspection,90,published_manufacturer_rating_selected_for_calculation,PWR_STREET,https://www.signify.com/global/prof/outdoor-luminaires/road-and-street/philips-roadflair-pro/LP_CF_BRP59_EU/family,False,led_variant_used_actual_technology_unverified,,,individual_location_unverified,26.18748,91.69056,campus_proxy,Asia/Kolkata,user_workbook_with_conversation_corrections,user_assumed_not_field_counted
LOC008,Disang Road,outdoor_road,streetlight,Street lights,Open sky / none,40,1,2,38,39,user_occasional_failure_estimate_not_daily_inspection,90,published_manufacturer_rating_selected_for_calculation,PWR_STREET,https://www.signify.com/global/prof/outdoor-luminaires/road-and-street/philips-roadflair-pro/LP_CF_BRP59_EU/family,False,led_variant_used_actual_technology_unverified,,,individual_location_unverified,26.18748,91.69056,campus_proxy,Asia/Kolkata,user_workbook_with_conversation_corrections,user_assumed_not_field_counted
LOC009,Lohit Hostel,corridor,tube_light,Corridor lights,Roof / covered,720,0,0,720,720,no_failures_reported_all_installed_used,20,published_manufacturer_rating_selected_for_calculation,PWR_TUBE,https://www.lighting.philips.co.in/consumer/p/battens-astraline/8718696583241,False,led_variant_used_actual_technology_unverified,,,individual_location_unverified,26.18748,91.69056,campus_proxy,Asia/Kolkata,user_workbook_with_conversation_corrections,user_assumed_not_field_counted
LOC010,Disang Hostel,corridor,tube_light,Corridor lights,Roof / covered,900,0,0,900,900,no_failures_reported_all_installed_used,20,published_manufacturer_rating_selected_for_calculation,PWR_TUBE,https://www.lighting.philips.co.in/consumer/p/battens-astraline/8718696583241,False,led_variant_used_actual_technology_unverified,,,individual_location_unverified,26.18748,91.69056,campus_proxy,Asia/Kolkata,user_workbook_with_conversation_corrections,user_assumed_not_field_counted
