observation_id,location_id,night_start_date,manual_on_duration_hours,rated_power_w,working_lights_min,working_lights_max,working_fixture_hours_min,manual_energy_kwh_min,working_fixture_hours_max,manual_energy_kwh_max,energy_basis
LOC003_20260925,LOC003,2026-09-25,13.25,90,48,49,636,57.24,649.25,58.4325,estimated_continuous_operation_at_rated_power
LOC001_20260925,LOC001,2026-09-25,12.75,200,396,397,5049,1009.8,5061.75,1012.35,estimated_continuous_operation_at_rated_power
LOC002_20260925,LOC002,2026-09-25,12.75,90,148,149,1887,169.83,1899.75,170.9775,estimated_continuous_operation_at_rated_power
LOC006_20260925,LOC006,2026-09-25,12.75,90,13,14,165.75,14.9175,178.5,16.065,estimated_continuous_operation_at_rated_power
LOC007_20260925,LOC007,2026-09-25,12.75,90,28,29,357,32.13,369.75,33.2775,estimated_continuous_operation_at_rated_power
LOC004_20260925,LOC004,2026-09-25,12.75,90,78,79,994.5,89.505,1007.25,90.6525,estimated_continuous_operation_at_rated_power
LOC005_20260925,LOC005,2026-09-25,12.5,90,38,39,475,42.75,487.5,43.875,estimated_continuous_operation_at_rated_power
LOC008_20260925,LOC008,2026-09-25,12.75,90,38,39,484.5,43.605,497.25,44.7525,estimated_continuous_operation_at_rated_power
LOC009_20260925,LOC009,2026-09-25,12.75,20,720,720,9180,183.6,9180,183.6,estimated_continuous_operation_at_rated_power
LOC010_20260925,LOC010,2026-09-25,12.75,20,900,900,11475,229.5,11475,229.5,estimated_continuous_operation_at_rated_power
LOC003_20260926,LOC003,2026-09-26,13.25,90,48,49,636,57.24,649.25,58.4325,estimated_continuous_operation_at_rated_power
LOC001_20260926,LOC001,2026-09-26,12.75,200,396,397,5049,1009.8,5061.75,1012.35,estimated_continuous_operation_at_rated_power
LOC002_20260926,LOC002,2026-09-26,12.75,90,148,149,1887,169.83,1899.75,170.9775,estimated_continuous_operation_at_rated_power
LOC006_20260926,LOC006,2026-09-26,12.75,90,13,14,165.75,14.9175,178.5,16.065,estimated_continuous_operation_at_rated_power
LOC007_20260926,LOC007,2026-09-26,12.75,90,28,29,357,32.13,369.75,33.2775,estimated_continuous_operation_at_rated_power
LOC004_20260926,LOC004,2026-09-26,12.75,90,78,79,994.5,89.505,1007.25,90.6525,estimated_continuous_operation_at_rated_power
LOC005_20260926,LOC005,2026-09-26,12.5,90,38,39,475,42.75,487.5,43.875,estimated_continuous_operation_at_rated_power
LOC008_20260926,LOC008,2026-09-26,12.75,90,38,39,484.5,43.605,497.25,44.7525,estimated_continuous_operation_at_rated_power
LOC009_20260926,LOC009,2026-09-26,12.75,20,720,720,9180,183.6,9180,183.6,estimated_continuous_operation_at_rated_power
LOC010_20260926,LOC010,2026-09-26,12.75,20,900,900,11475,229.5,11475,229.5,estimated_continuous_operation_at_rated_power
