local_date,expected_slots_in_export_window,source_rows_present,valid_radiation_slots,missing_source_slots,missing_or_invalid_radiation_slots,radiation_coverage_fraction,partial_export_day
2024-03-07,96,96,96,0,0,1,False
2024-03-08,96,96,96,0,0,1,False
2024-03-09,96,96,96,0,0,1,False
2024-03-10,96,96,96,0,0,1,False
2024-03-11,96,96,95,0,1,0.9895833333,False
2024-03-12,96,96,96,0,0,1,False
2024-03-13,96,96,92,0,4,0.9583333333,False
2024-03-14,96,96,87,0,9,0.90625,False
2024-03-15,96,96,96,0,0,1,False
2024-03-16,96,96,96,0,0,1,False
2024-03-17,96,77,77,19,19,0.8020833333,False
2024-03-18,96,96,96,0,0,1,False
2024-03-19,96,96,96,0,0,1,False
2024-03-20,96,75,75,21,21,0.78125,False
2024-03-21,96,94,94,2,2,0.9791666667,False
2024-03-22,96,27,27,69,69,0.28125,False
2024-03-23,96,96,96,0,0,1,False
2024-03-24,96,96,96,0,0,1,False
2024-03-25,96,96,96,0,0,1,False
2024-03-26,96,96,96,0,0,1,False
2024-03-27,96,33,33,63,63,0.34375,False
2024-03-28,96,0,0,96,96,0,False
2024-03-29,96,0,0,96,96,0,False
2024-03-30,96,0,0,96,96,0,False
2024-03-31,96,0,0,96,96,0,False
2024-04-01,96,0,0,96,96,0,False
2024-04-02,96,0,0,96,96,0,False
2024-04-03,96,0,0,96,96,0,False
2024-04-04,96,0,0,96,96,0,False
2024-04-05,96,0,0,96,96,0,False
2024-04-06,96,0,0,96,96,0,False
2024-04-07,96,0,0,96,96,0,False
2024-04-08,96,56,56,40,40,0.5833333333,False
2024-04-09,96,96,96,0,0,1,False
2024-04-10,96,96,96,0,0,1,False
2024-04-11,96,96,96,0,0,1,False
2024-04-12,96,96,96,0,0,1,False
2024-04-13,96,96,96,0,0,1,False
2024-04-14,96,96,96,0,0,1,False
2024-04-15,96,96,96,0,0,1,False
2024-04-16,96,96,96,0,0,1,False
2024-04-17,96,96,96,0,0,1,False
2024-04-18,96,96,96,0,0,1,False
2024-04-19,96,96,96,0,0,1,False
2024-04-20,96,96,96,0,0,1,False
2024-04-21,96,96,96,0,0,1,False
2024-04-22,96,96,96,0,0,1,False
2024-04-23,96,96,96,0,0,1,False
2024-04-24,96,79,79,17,17,0.8229166667,False
2024-04-25,96,96,96,0,0,1,False
2024-04-26,96,96,96,0,0,1,False
2024-04-27,96,96,96,0,0,1,False
2024-04-28,96,62,62,34,34,0.6458333333,False
2024-04-29,96,96,96,0,0,1,False
2024-04-30,96,96,96,0,0,1,False
2024-05-01,96,96,96,0,0,1,False
2024-05-02,96,96,94,0,2,0.9791666667,False
2024-05-03,96,96,96,0,0,1,False
2024-05-04,96,96,96,0,0,1,False
2024-05-05,96,96,96,0,0,1,False
2024-05-06,96,96,96,0,0,1,False
2024-05-07,96,96,96,0,0,1,False
2024-05-08,96,96,96,0,0,1,False
2024-05-09,96,96,96,0,0,1,False
2024-05-10,96,96,96,0,0,1,False
2024-05-11,96,96,96,0,0,1,False
2024-05-12,96,96,96,0,0,1,False
2024-05-13,96,96,96,0,0,1,False
2024-05-14,96,84,68,12,28,0.7083333333,False
2024-05-15,96,96,46,0,50,0.4791666667,False
2024-05-16,96,96,45,0,51,0.46875,False
2024-05-17,96,96,96,0,0,1,False
2024-05-18,96,96,96,0,0,1,False
2024-05-19,96,96,96,0,0,1,False
2024-05-20,96,96,96,0,0,1,False
2024-05-21,96,96,96,0,0,1,False
2024-05-22,96,94,94,2,2,0.9791666667,False
2024-05-23,96,93,93,3,3,0.96875,False
2024-05-24,96,96,96,0,0,1,False
2024-05-25,96,96,96,0,0,1,False
2024-05-26,96,96,96,0,0,1,False
2024-05-27,96,96,79,0,17,0.8229166667,False
2024-05-28,96,96,70,0,26,0.7291666667,False
2024-05-29,96,96,76,0,20,0.7916666667,False
2024-05-30,96,96,69,0,27,0.71875,False
2024-05-31,96,96,95,0,1,0.9895833333,False
2024-06-01,96,96,94,0,2,0.9791666667,False
2024-06-02,96,96,96,0,0,1,False
2024-06-03,96,96,51,0,45,0.53125,False
2024-06-04,96,96,5,0,91,0.05208333333,False
2024-06-05,96,96,36,0,60,0.375,False
2024-06-06,96,96,29,0,67,0.3020833333,False
2024-06-07,96,96,54,0,42,0.5625,False
2024-06-08,96,96,95,0,1,0.9895833333,False
2024-06-09,96,96,95,0,1,0.9895833333,False
2024-06-10,96,96,78,0,18,0.8125,False
2024-06-11,96,96,45,0,51,0.46875,False
2024-06-12,96,96,34,0,62,0.3541666667,False
2024-06-13,96,96,3,0,93,0.03125,False
2024-06-14,96,96,27,0,69,0.28125,False
2024-06-15,96,96,57,0,39,0.59375,False
2024-06-16,96,96,51,0,45,0.53125,False
2024-06-17,96,96,37,0,59,0.3854166667,False
2024-06-18,96,96,90,0,6,0.9375,False
2024-06-19,96,96,96,0,0,1,False
2024-06-20,96,96,96,0,0,1,False
2024-06-21,96,78,78,18,18,0.8125,False
2024-06-22,96,0,0,96,96,0,False
2024-06-23,96,0,0,96,96,0,False
2024-06-24,96,56,56,40,40,0.5833333333,False
2024-06-25,96,96,96,0,0,1,False
2024-06-26,96,96,96,0,0,1,False
2024-06-27,96,96,93,0,3,0.96875,False
2024-06-28,96,96,87,0,9,0.90625,False
2024-06-29,96,96,96,0,0,1,False
2024-06-30,96,96,96,0,0,1,False
2024-07-01,96,96,92,0,4,0.9583333333,False
2024-07-02,96,96,82,0,14,0.8541666667,False
2024-07-03,96,96,91,0,5,0.9479166667,False
2024-07-04,96,96,57,0,39,0.59375,False
2024-07-05,96,96,84,0,12,0.875,False
2024-07-06,96,96,96,0,0,1,False
2024-07-07,96,96,96,0,0,1,False
2024-07-08,96,96,89,0,7,0.9270833333,False
2024-07-09,96,96,95,0,1,0.9895833333,False
2024-07-10,96,96,90,0,6,0.9375,False
2024-07-11,96,96,96,0,0,1,False
2024-07-12,96,96,95,0,1,0.9895833333,False
2024-07-13,96,96,96,0,0,1,False
2024-07-14,96,96,96,0,0,1,False
2024-07-15,96,96,96,0,0,1,False
2024-07-16,96,96,96,0,0,1,False
2024-07-17,96,96,96,0,0,1,False
2024-07-18,96,96,95,0,1,0.9895833333,False
2024-07-19,96,96,96,0,0,1,False
2024-07-20,96,96,96,0,0,1,False
2024-07-21,96,96,96,0,0,1,False
2024-07-22,96,96,96,0,0,1,False
2024-07-23,96,96,96,0,0,1,False
2024-07-24,96,96,96,0,0,1,False
2024-07-25,96,96,96,0,0,1,False
2024-07-26,96,96,96,0,0,1,False
2024-07-27,96,96,95,0,1,0.9895833333,False
2024-07-28,96,96,96,0,0,1,False
2024-07-29,96,96,96,0,0,1,False
2024-07-30,96,96,95,0,1,0.9895833333,False
2024-07-31,96,96,89,0,7,0.9270833333,False
2024-08-01,96,96,87,0,9,0.90625,False
2024-08-02,96,96,95,0,1,0.9895833333,False
2024-08-03,96,96,94,0,2,0.9791666667,False
2024-08-04,96,96,93,0,3,0.96875,False
2024-08-05,96,96,79,0,17,0.8229166667,False
2024-08-06,96,96,94,0,2,0.9791666667,False
2024-08-07,96,96,96,0,0,1,False
2024-08-08,96,96,96,0,0,1,False
2024-08-09,96,96,93,0,3,0.96875,False
2024-08-10,96,96,61,0,35,0.6354166667,False
2024-08-11,96,96,53,0,43,0.5520833333,False
2024-08-12,96,96,85,0,11,0.8854166667,False
2024-08-13,96,96,45,0,51,0.46875,False
2024-08-14,96,94,76,2,20,0.7916666667,False
2024-08-15,96,96,59,0,37,0.6145833333,False
2024-08-16,96,96,64,0,32,0.6666666667,False
2024-08-17,96,96,92,0,4,0.9583333333,False
2024-08-18,96,96,91,0,5,0.9479166667,False
2024-08-19,96,96,77,0,19,0.8020833333,False
2024-08-20,96,96,7,0,89,0.07291666667,False
2024-08-21,96,96,26,0,70,0.2708333333,False
2024-08-22,96,96,44,0,52,0.4583333333,False
2024-08-23,96,96,68,0,28,0.7083333333,False
2024-08-24,96,96,87,0,9,0.90625,False
2024-08-25,96,96,92,0,4,0.9583333333,False
2024-08-26,96,93,84,3,12,0.875,False
2024-08-27,96,96,92,0,4,0.9583333333,False
2024-08-28,96,96,96,0,0,1,False
2024-08-29,96,96,96,0,0,1,False
2024-08-30,96,96,84,0,12,0.875,False
2024-08-31,96,96,96,0,0,1,False
2024-09-01,96,96,96,0,0,1,False
2024-09-02,96,96,96,0,0,1,False
2024-09-03,96,96,96,0,0,1,False
2024-09-04,96,96,96,0,0,1,False
2024-09-05,96,96,96,0,0,1,False
2024-09-06,96,96,96,0,0,1,False
2024-09-07,96,96,96,0,0,1,False
2024-09-08,96,96,96,0,0,1,False
2024-09-09,96,96,96,0,0,1,False
2024-09-10,96,96,92,0,4,0.9583333333,False
2024-09-11,96,96,64,0,32,0.6666666667,False
2024-09-12,96,96,17,0,79,0.1770833333,False
2024-09-13,96,96,24,0,72,0.25,False
2024-09-14,96,96,18,0,78,0.1875,False
2024-09-15,96,96,18,0,78,0.1875,False
2024-09-16,96,96,5,0,91,0.05208333333,False
2024-09-17,96,96,44,0,52,0.4583333333,False
2024-09-18,96,96,80,0,16,0.8333333333,False
2024-09-19,96,96,74,0,22,0.7708333333,False
2024-09-20,96,96,92,0,4,0.9583333333,False
2024-09-21,96,96,96,0,0,1,False
2024-09-22,96,96,96,0,0,1,False
2024-09-23,96,96,72,0,24,0.75,False
2024-09-24,96,96,42,0,54,0.4375,False
2024-09-25,96,96,49,0,47,0.5104166667,False
2024-09-26,96,96,38,0,58,0.3958333333,False
2024-09-27,96,96,14,0,82,0.1458333333,False
2024-09-28,96,96,12,0,84,0.125,False
2024-09-29,96,96,9,0,87,0.09375,False
2024-09-30,96,96,0,0,96,0,False
2024-10-01,96,96,17,0,79,0.1770833333,False
2024-10-02,96,96,2,0,94,0.02083333333,False
2024-10-03,96,96,48,0,48,0.5,False
2024-10-04,96,96,92,0,4,0.9583333333,False
2024-10-05,96,96,96,0,0,1,False
2024-10-06,96,96,90,0,6,0.9375,False
2024-10-07,96,96,19,0,77,0.1979166667,False
2024-10-08,96,96,12,0,84,0.125,False
2024-10-09,96,96,28,0,68,0.2916666667,False
2024-10-10,96,96,26,0,70,0.2708333333,False
2024-10-11,96,96,54,0,42,0.5625,False
2024-10-12,96,96,37,0,59,0.3854166667,False
2024-10-13,96,96,48,0,48,0.5,False
2024-10-14,96,96,93,0,3,0.96875,False
2024-10-15,96,96,43,0,53,0.4479166667,False
2024-10-16,96,96,25,0,71,0.2604166667,False
2024-10-17,96,96,68,0,28,0.7083333333,False
2024-10-18,96,96,56,0,40,0.5833333333,False
2024-10-19,96,96,44,0,52,0.4583333333,False
2024-10-20,96,96,34,0,62,0.3541666667,False
2024-10-21,96,96,43,0,53,0.4479166667,False
2024-10-22,96,96,36,0,60,0.375,False
2024-10-23,96,96,23,0,73,0.2395833333,False
2024-10-24,96,96,47,0,49,0.4895833333,False
2024-10-25,96,96,38,0,58,0.3958333333,False
2024-10-26,96,96,0,0,96,0,False
2024-10-27,96,96,10,0,86,0.1041666667,False
2024-10-28,96,96,31,0,65,0.3229166667,False
2024-10-29,96,96,13,0,83,0.1354166667,False
2024-10-30,96,96,71,0,25,0.7395833333,False
2024-10-31,96,96,84,0,12,0.875,False
2024-11-01,96,96,72,0,24,0.75,False
2024-11-02,96,96,87,0,9,0.90625,False
2024-11-03,96,96,90,0,6,0.9375,False
2024-11-04,96,96,91,0,5,0.9479166667,False
2024-11-05,96,96,72,0,24,0.75,False
2024-11-06,96,96,51,0,45,0.53125,False
2024-11-07,96,96,38,0,58,0.3958333333,False
2024-11-08,96,96,84,0,12,0.875,False
2024-11-09,96,96,90,0,6,0.9375,False
2024-11-10,96,96,88,0,8,0.9166666667,False
2024-11-11,96,96,74,0,22,0.7708333333,False
2024-11-12,96,96,55,0,41,0.5729166667,False
2024-11-13,96,96,91,0,5,0.9479166667,False
2024-11-14,96,96,74,0,22,0.7708333333,False
2024-11-15,96,96,96,0,0,1,False
2024-11-16,96,96,96,0,0,1,False
2024-11-17,96,96,96,0,0,1,False
2024-11-18,96,96,74,0,22,0.7708333333,False
2024-11-19,96,96,96,0,0,1,False
2024-11-20,96,96,95,0,1,0.9895833333,False
2024-11-21,96,96,72,0,24,0.75,False
2024-11-22,96,96,80,0,16,0.8333333333,False
2024-11-23,96,96,96,0,0,1,False
2024-11-24,96,96,93,0,3,0.96875,False
2024-11-25,96,96,61,0,35,0.6354166667,False
2024-11-26,96,96,75,0,21,0.78125,False
2024-11-27,96,96,64,0,32,0.6666666667,False
2024-11-28,96,96,66,0,30,0.6875,False
2024-11-29,96,96,77,0,19,0.8020833333,False
2024-11-30,96,96,85,0,11,0.8854166667,False
2024-12-01,96,96,70,0,26,0.7291666667,False
2024-12-02,96,96,78,0,18,0.8125,False
2024-12-03,96,96,83,0,13,0.8645833333,False
2024-12-04,96,96,56,0,40,0.5833333333,False
2024-12-05,96,96,0,0,96,0,False
2024-12-06,96,96,4,0,92,0.04166666667,False
2024-12-07,96,96,62,0,34,0.6458333333,False
2024-12-08,96,93,11,3,85,0.1145833333,False
2024-12-09,96,96,49,0,47,0.5104166667,False
2024-12-10,96,96,48,0,48,0.5,False
2024-12-11,96,96,5,0,91,0.05208333333,False
2024-12-12,96,96,2,0,94,0.02083333333,False
2024-12-13,96,96,0,0,96,0,False
2024-12-14,96,95,0,1,96,0,False
2024-12-15,96,96,0,0,96,0,False
2024-12-16,96,96,0,0,96,0,False
2024-12-17,96,96,5,0,91,0.05208333333,False
2024-12-18,96,96,26,0,70,0.2708333333,False
2024-12-19,96,96,7,0,89,0.07291666667,False
2024-12-20,96,96,0,0,96,0,False
2024-12-21,96,96,0,0,96,0,False
2024-12-22,96,96,0,0,96,0,False
2024-12-23,96,96,0,0,96,0,False
2024-12-24,96,96,25,0,71,0.2604166667,False
2024-12-25,96,96,78,0,18,0.8125,False
2024-12-26,96,96,43,0,53,0.4479166667,False
2024-12-27,96,96,16,0,80,0.1666666667,False
2024-12-28,96,96,1,0,95,0.01041666667,False
2024-12-29,96,96,0,0,96,0,False
2024-12-30,96,96,0,0,96,0,False
2024-12-31,96,96,5,0,91,0.05208333333,False
2025-01-01,96,96,27,0,69,0.28125,False
2025-01-02,96,96,4,0,92,0.04166666667,False
2025-01-03,96,96,4,0,92,0.04166666667,False
2025-01-04,96,96,15,0,81,0.15625,False
2025-01-05,96,96,2,0,94,0.02083333333,False
2025-01-06,96,96,0,0,96,0,False
2025-01-07,96,96,8,0,88,0.08333333333,False
2025-01-08,96,96,32,0,64,0.3333333333,False
2025-01-09,96,96,33,0,63,0.34375,False
2025-01-10,96,95,25,1,71,0.2604166667,False
2025-01-11,96,96,0,0,96,0,False
2025-01-12,96,96,0,0,96,0,False
2025-01-13,96,96,0,0,96,0,False
2025-01-14,96,96,1,0,95,0.01041666667,False
2025-01-15,96,96,1,0,95,0.01041666667,False
2025-01-16,96,96,0,0,96,0,False
2025-01-17,96,96,0,0,96,0,False
2025-01-18,96,96,0,0,96,0,False
2025-01-19,96,96,0,0,96,0,False
2025-01-20,96,96,0,0,96,0,False
2025-01-21,96,96,0,0,96,0,False
2025-01-22,96,96,0,0,96,0,False
2025-01-23,96,96,0,0,96,0,False
2025-01-24,96,95,0,1,96,0,False
2025-01-25,96,96,0,0,96,0,False
2025-01-26,96,96,0,0,96,0,False
2025-01-27,96,96,0,0,96,0,False
2025-01-28,96,96,0,0,96,0,False
2025-01-29,96,96,0,0,96,0,False
2025-01-30,96,96,0,0,96,0,False
2025-01-31,96,96,0,0,96,0,False
2025-02-01,96,95,0,1,96,0,False
2025-02-02,96,96,0,0,96,0,False
2025-02-03,96,96,0,0,96,0,False
2025-02-04,96,96,0,0,96,0,False
2025-02-05,96,96,0,0,96,0,False
2025-02-06,96,96,0,0,96,0,False
2025-02-07,96,96,0,0,96,0,False
2025-02-08,96,96,0,0,96,0,False
2025-02-09,96,96,0,0,96,0,False
2025-02-10,96,96,0,0,96,0,False
2025-02-11,96,96,0,0,96,0,False
2025-02-12,96,96,0,0,96,0,False
2025-02-13,96,96,0,0,96,0,False
2025-02-14,96,96,0,0,96,0,False
2025-02-15,96,96,0,0,96,0,False
2025-02-16,96,96,0,0,96,0,False
2025-02-17,96,96,0,0,96,0,False
2025-02-18,96,96,0,0,96,0,False
2025-02-19,96,96,0,0,96,0,False
2025-02-20,96,96,0,0,96,0,False
2025-02-21,96,96,0,0,96,0,False
2025-02-22,96,96,0,0,96,0,False
2025-02-23,96,96,0,0,96,0,False
2025-02-24,96,96,0,0,96,0,False
2025-02-25,96,96,0,0,96,0,False
2025-02-26,96,96,0,0,96,0,False
2025-02-27,96,96,0,0,96,0,False
2025-02-28,96,96,0,0,96,0,False
2025-03-01,96,96,0,0,96,0,False
2025-03-02,96,96,0,0,96,0,False
2025-03-03,96,96,0,0,96,0,False
2025-03-04,96,96,0,0,96,0,False
2025-03-05,96,96,0,0,96,0,False
2025-03-06,96,96,0,0,96,0,False
2025-03-07,1,1,0,0,1,0,True
