observation_id,location_id,on_timestamp_local,off_timestamp_local,night_start_date,manual_on_duration_hours,timing_basis,timing_resolution_minutes,source_excel_row,source_sheet,continuous_on_between_endpoints_verified
LOC003_20260925,LOC003,2026-09-25 16:30:00+05:30,2026-09-26 05:45:00+05:30,2026-09-25,13.25,user_observed,,6,Fill here,False
LOC001_20260925,LOC001,2026-09-25 16:45:00+05:30,2026-09-26 05:30:00+05:30,2026-09-25,12.75,user_observed,,2,Fill here,False
LOC002_20260925,LOC002,2026-09-25 16:45:00+05:30,2026-09-26 05:30:00+05:30,2026-09-25,12.75,user_observed,,4,Fill here,False
LOC006_20260925,LOC006,2026-09-25 16:45:00+05:30,2026-09-26 05:30:00+05:30,2026-09-25,12.75,user_observed,,12,Fill here,False
LOC007_20260925,LOC007,2026-09-25 16:45:00+05:30,2026-09-26 05:30:00+05:30,2026-09-25,12.75,user_observed,,14,Fill here,False
LOC004_20260925,LOC004,2026-09-25 17:00:00+05:30,2026-09-26 05:45:00+05:30,2026-09-25,12.75,user_observed,,8,Fill here,False
LOC005_20260925,LOC005,2026-09-25 17:00:00+05:30,2026-09-26 05:30:00+05:30,2026-09-25,12.5,user_observed,,10,Fill here,False
LOC008_20260925,LOC008,2026-09-25 17:00:00+05:30,2026-09-26 05:45:00+05:30,2026-09-25,12.75,user_observed,,16,Fill here,False
LOC009_20260925,LOC009,2026-09-25 17:00:00+05:30,2026-09-26 05:45:00+05:30,2026-09-25,12.75,user_observed,,18,Fill here,False
LOC010_20260925,LOC010,2026-09-25 17:00:00+05:30,2026-09-26 05:45:00+05:30,2026-09-25,12.75,user_observed,,20,Fill here,False
LOC003_20260926,LOC003,2026-09-26 16:30:00+05:30,2026-09-27 05:45:00+05:30,2026-09-26,13.25,user_observed,,7,Fill here,False
LOC001_20260926,LOC001,2026-09-26 16:45:00+05:30,2026-09-27 05:30:00+05:30,2026-09-26,12.75,user_observed,,3,Fill here,False
LOC002_20260926,LOC002,2026-09-26 16:45:00+05:30,2026-09-27 05:30:00+05:30,2026-09-26,12.75,user_observed,,5,Fill here,False
LOC006_20260926,LOC006,2026-09-26 16:45:00+05:30,2026-09-27 05:30:00+05:30,2026-09-26,12.75,user_observed,,13,Fill here,False
LOC007_20260926,LOC007,2026-09-26 16:45:00+05:30,2026-09-27 05:30:00+05:30,2026-09-26,12.75,user_observed,,15,Fill here,False
LOC004_20260926,LOC004,2026-09-26 17:00:00+05:30,2026-09-27 05:45:00+05:30,2026-09-26,12.75,user_observed,,9,Fill here,False
LOC005_20260926,LOC005,2026-09-26 17:00:00+05:30,2026-09-27 05:30:00+05:30,2026-09-26,12.5,user_observed,,11,Fill here,False
LOC008_20260926,LOC008,2026-09-26 17:00:00+05:30,2026-09-27 05:45:00+05:30,2026-09-26,12.75,user_observed,,17,Fill here,False
LOC009_20260926,LOC009,2026-09-26 17:00:00+05:30,2026-09-27 05:45:00+05:30,2026-09-26,12.75,user_observed,,19,Fill here,False
LOC010_20260926,LOC010,2026-09-26 17:00:00+05:30,2026-09-27 05:45:00+05:30,2026-09-26,12.75,user_observed,,21,Fill here,False
