fold,model,eligible,score,segment,n,mae_w_m2,rmse_w_m2,r2,bias_w_m2
2024-06-01,Elevation baseline,True,47.11282735260751,all,1867,102.30907252155794,178.9013350929807,0.21915109729062587,75.03314295041939
2024-06-01,Elevation baseline,True,47.11282735260751,daytime,1080,176.7380642039642,235.21713054790627,-0.11954399234673874,129.71796570893605
2024-06-01,Elevation baseline,True,47.11282735260751,low_sun,274,14.871130054019515,22.774703132795246,0.3237270845201613,5.779292125768211
2024-06-01,Elevation baseline,True,47.11282735260751,dawn,145,17.525497171319717,26.39128771073055,-1.098855757041179,16.520885316160882
2024-06-01,Elevation baseline,True,47.11282735260751,dusk,129,11.887539108216961,17.855526242507008,0.7052055822114609,-6.29459169289022
2024-06-01,Elevation baseline,True,47.11282735260751,night,702,0.0065078200113144885,0.030535098484020078,,0.0065078200113144885
2024-06-01,Random Forest,True,36.48132696039522,all,1867,77.61025852883536,136.11426263670106,0.5479909702256193,17.808059834086713
2024-06-01,Random Forest,True,36.48132696039522,daytime,1080,134.06506132195537,178.95964684377648,0.35194256633723164,30.85379275165348
2024-06-01,Random Forest,True,36.48132696039522,low_sun,274,12.158636925312427,19.670223417521974,0.4955302486133284,4.0519795898581386
2024-06-01,Random Forest,True,36.48132696039522,dawn,145,13.339689254641689,22.120605906527892,-0.47453629680953835,10.720368114380195
2024-06-01,Random Forest,True,36.48132696039522,dusk,129,10.831097485368684,16.48675109246817,0.7486701284378227,-3.4434958834418463
2024-06-01,Random Forest,True,36.48132696039522,night,702,0.0,0.0,,0.0
2024-06-01,Random Forest + dawn/dusk curves,True,36.508954057427914,all,1867,77.60118019509098,136.11122658826335,0.5480111342551217,18.104713003465463
2024-06-01,Random Forest + dawn/dusk curves,True,36.508954057427914,daytime,1080,134.064508388644,178.9562454316847,0.3519672008230691,31.336641921632985
2024-06-01,Random Forest + dawn/dusk curves,True,36.508954057427914,low_sun,274,12.195322834880097,19.632139950572057,0.49748176269503286,5.443320081145594
2024-06-01,Random Forest + dawn/dusk curves,True,36.508954057427914,dawn,145,13.408847769011366,22.08772415570324,-0.4701558291900074,10.808771338231622
2024-06-01,Random Forest + dawn/dusk curves,True,36.508954057427914,dusk,129,10.831283180236419,16.43982116025506,0.7500989249963994,-0.5876135024007164
2024-06-01,Random Forest + dawn/dusk curves,True,36.508954057427914,night,702,0.0,0.0,,0.0
2024-07-01,Elevation baseline,True,34.46004488558103,all,2877,70.47783913679676,124.86919581922454,0.7198339813355641,9.149050937014712
2024-07-01,Elevation baseline,True,34.46004488558103,daytime,1579,128.31959532460147,168.55113719162497,0.5439815068901124,16.636052616309634
2024-07-01,Elevation baseline,True,34.46004488558103,low_sun,399,11.028349792507367,16.16147319565354,0.5344650733316582,3.764509795697861
2024-07-01,Elevation baseline,True,34.46004488558103,dawn,207,11.878078219552489,17.185073096787587,0.07917879672890582,11.2818312163135
2024-07-01,Elevation baseline,True,34.46004488558103,dusk,192,10.112236332099345,14.979753435870197,0.6808514500840974,-4.340102360903374
2024-07-01,Elevation baseline,True,34.46004488558103,night,1177,0.0037680152853600633,0.01839464857943566,,0.0037680152853600633
2024-07-01,Random Forest,True,33.57361761737445,all,2877,74.53284458742016,150.29929093714298,0.5941003354006573,-57.82034190194925
2024-07-01,Random Forest,True,33.57361761737445,daytime,1579,135.74341668506082,202.8777677311899,0.33932481267759707,-105.35503633334243
2024-07-01,Random Forest,True,33.57361761737445,low_sun,399,7.952963027007313,12.876336267614533,0.7044880848147687,0.5578041442273362
2024-07-01,Random Forest,True,33.57361761737445,dawn,207,5.950919546801222,10.112995681185158,0.6811163979794621,-0.38061134641189126
2024-07-01,Random Forest,True,33.57361761737445,dusk,192,10.111416154104504,15.306549717007357,0.6667745536210241,1.5695333450727533
2024-07-01,Random Forest,True,33.57361761737445,night,1177,0.0,0.0,,0.0
2024-07-01,Random Forest + dawn/dusk curves,True,33.491812925705446,all,2877,74.48425670282911,150.2831906433679,0.5941872919495176,-57.33355502672296
2024-07-01,Random Forest + dawn/dusk curves,True,33.491812925705446,daytime,1579,135.65536202965836,202.85604612123322,0.3394662787497911,-104.46847134890469
2024-07-01,Random Forest + dawn/dusk curves,True,33.491812925705446,low_sun,399,7.877481136594114,12.832988831439781,0.7064743831047774,2.835174757857749
2024-07-01,Random Forest + dawn/dusk curves,True,33.491812925705446,dawn,207,5.997301600642662,10.648354654780864,0.6464608135522222,3.071220198715096
2024-07-01,Random Forest + dawn/dusk curves,True,33.491812925705446,dusk,192,9.904549698791772,14.832107586531025,0.6871117317825194,2.5806882669334206
2024-07-01,Random Forest + dawn/dusk curves,True,33.491812925705446,night,1177,0.0,0.0,,0.0
2024-08-01,Elevation baseline,True,36.76997143661325,all,2402,68.06250017204246,125.77352915701196,0.6749606702223028,13.665375293229506
2024-08-01,Elevation baseline,True,36.76997143661325,daytime,1243,131.39580394895307,174.83601163102642,0.4652617549887227,26.427719537913845
2024-08-01,Elevation baseline,True,36.76997143661325,low_sun,314,12.95465252204844,21.299434302999774,0.5405855183420418,-0.6891304980440144
2024-08-01,Elevation baseline,True,36.76997143661325,dawn,165,9.995870373861111,14.433903613220046,0.5652917662837167,7.073528000283025
2024-08-01,Elevation baseline,True,36.76997143661325,dusk,149,16.231156243195475,26.93210372923209,0.48017442396252097,-9.285363063305498
2024-08-01,Elevation baseline,True,36.76997143661325,night,1063,0.0024140486130299547,0.012440136533846239,,0.0024140486130299547
2024-08-01,Random Forest,True,35.12825095973661,all,2402,68.60513196843324,129.32406302712212,0.6563501960440274,10.607883424753961
2024-08-01,Random Forest,True,35.12825095973661,daytime,1243,132.4776136738022,179.77237514726713,0.43463961049016286,20.538227511149444
2024-08-01,Random Forest,True,35.12825095973661,low_sun,314,10.580727958858327,18.92522300472217,0.6372974957171962,-0.7929475169611115
2024-08-01,Random Forest,True,35.12825095973661,dawn,165,6.66608220486829,11.726415442401379,0.7130800034063901,1.068055007369668
2024-08-01,Random Forest,True,35.12825095973661,dusk,149,14.91573835757213,24.546157246286327,0.5681985358435704,-2.8537892385354646
2024-08-01,Random Forest,True,35.12825095973661,night,1063,0.0029860967726251025,0.032268320565445145,,0.0029860967726251025
2024-08-01,Random Forest + dawn/dusk curves,True,35.09831980493269,all,2402,68.5751579397409,129.3126636531567,0.656410775952915,10.52706877595026
2024-08-01,Random Forest + dawn/dusk curves,True,35.09831980493269,daytime,1243,132.43009024637195,179.75659244414413,0.43473887516855836,20.39333461750499
2024-08-01,Random Forest + dawn/dusk curves,True,35.09831980493269,low_sun,314,10.543568507396236,18.913085411913734,0.6377625812381564,-1.0808639138305198
2024-08-01,Random Forest + dawn/dusk curves,True,35.09831980493269,dawn,165,6.412381708731264,11.621980092451881,0.7181678596593608,-0.038682047625662
2024-08-01,Random Forest + dawn/dusk curves,True,35.09831980493269,dusk,149,15.11837268041449,24.581420335004218,0.5669569899253366,-2.2349579267419397
2024-08-01,Random Forest + dawn/dusk curves,True,35.09831980493269,night,1063,0.0,0.0,,0.0
2024-09-01,Elevation baseline,True,39.6062054459379,all,1820,66.88040984170168,123.3741215761835,0.7379857438129256,-21.426321770041184
2024-09-01,Elevation baseline,True,39.6062054459379,daytime,891,136.49848664734367,176.32298176578442,0.5389517217887017,-43.77404378392629
2024-09-01,Elevation baseline,True,39.6062054459379,low_sun,244,15.095592092806184,32.438805475471185,0.44747729690158033,-5.070083197379348
2024-09-01,Elevation baseline,True,39.6062054459379,dawn,128,9.536426405721025,14.110672602311736,0.7790617606495388,2.5711994403822547
2024-09-01,Elevation baseline,True,39.6062054459379,dusk,116,21.22984388545188,44.65086304140806,0.3053920977454222,-13.501843349392152
2024-09-01,Elevation baseline,True,39.6062054459379,night,865,0.001657003886560918,0.009931335894654853,,0.001657003886560918
2024-09-01,Random Forest,True,38.177498741384134,all,1820,64.5332535783573,124.46952942990555,0.733312371047485,-7.034099862118279
2024-09-01,Random Forest,True,38.177498741384134,daytime,891,131.68267103694944,177.88931633721987,0.5307240543225695,-14.42239880328902
2024-09-01,Random Forest,True,38.177498741384134,low_sun,244,14.511062047484797,30.77531192038752,0.5026921120164309,-3.523693740595935
2024-09-01,Random Forest,True,38.177498741384134,dawn,128,8.901618727329907,15.309132888654108,0.7399381523351976,-3.4050994821411433
2024-09-01,Random Forest,True,38.177498741384134,dusk,116,20.70079260765571,41.63655707136204,0.39601017072171896,-3.6545563706150137
2024-09-01,Random Forest,True,38.177498741384134,night,865,0.01879328471979378,0.14168852856201508,,0.01879328471979378
2024-09-01,Random Forest + dawn/dusk curves,True,38.33053261612756,all,1820,64.5731356950003,124.50559839454762,0.733157786380402,-7.399071663160196
2024-09-01,Random Forest + dawn/dusk curves,True,38.33053261612756,daytime,891,131.82771238182053,177.9407478869732,0.5304526599668107,-15.087866774426084
2024-09-01,Random Forest + dawn/dusk curves,True,38.33053261612756,low_sun,244,14.693018080768047,31.346727377659047,0.48405330510548605,-5.533745575205168
2024-09-01,Random Forest + dawn/dusk curves,True,38.33053261612756,dawn,128,9.604105931333393,16.249041033345893,0.7070247532146643,-5.485109710915203
2024-09-01,Random Forest + dawn/dusk curves,True,38.33053261612756,dusk,116,20.308369418075248,42.13715440146681,0.3813992935380459,-5.58741273580099
2024-09-01,Random Forest + dawn/dusk curves,True,38.33053261612756,night,865,0.0,0.0,,0.0
