observation_id,location_id,on_timestamp_local,off_timestamp_local,night_start_date,manual_on_duration_hours,timing_basis,timing_resolution_minutes,source_excel_row,source_sheet,continuous_on_between_endpoints_verified,location_name,site_type,main_obstruction,installed_lights,installed_count_basis,count_estimation_method
LOC003_20260925,LOC003,2026-09-25 16:30:00+05:30,2026-09-26 05:45:00+05:30,2026-09-25,13.25,user_observed,,6,Fill here,False,IIT Road,outdoor_road,Open sky / none,50,user_assumed_not_field_counted,approximate road length and fixture spacing for roads; corridor estimation method not documented
LOC001_20260925,LOC001,2026-09-25 16:45:00+05:30,2026-09-26 05:30:00+05:30,2026-09-25,12.75,user_observed,,2,Fill here,False,IITG Border Road,outdoor_road,Mixed obstructions,400,user_assumed_not_field_counted,approximate road length and fixture spacing for roads; corridor estimation method not documented
LOC002_20260925,LOC002,2026-09-25 16:45:00+05:30,2026-09-26 05:30:00+05:30,2026-09-25,12.75,user_observed,,4,Fill here,False,Surjyamukhi Road,outdoor_road,Dense trees,150,user_assumed_not_field_counted,approximate road length and fixture spacing for roads; corridor estimation method not documented
LOC006_20260925,LOC006,2026-09-25 16:45:00+05:30,2026-09-26 05:30:00+05:30,2026-09-25,12.75,user_observed,,12,Fill here,False,Umiam Hostel Road,outdoor_road,Sparse trees,15,user_assumed_not_field_counted,approximate road length and fixture spacing for roads; corridor estimation method not documented
LOC007_20260925,LOC007,2026-09-25 16:45:00+05:30,2026-09-26 05:30:00+05:30,2026-09-25,12.75,user_observed,,14,Fill here,False,KV Road,outdoor_road,Dense trees,30,user_assumed_not_field_counted,approximate road length and fixture spacing for roads; corridor estimation method not documented
LOC004_20260925,LOC004,2026-09-25 17:00:00+05:30,2026-09-26 05:45:00+05:30,2026-09-25,12.75,user_observed,,8,Fill here,False,Radhasura Road,outdoor_road,Dense trees,80,user_assumed_not_field_counted,approximate road length and fixture spacing for roads; corridor estimation method not documented
LOC005_20260925,LOC005,2026-09-25 17:00:00+05:30,2026-09-26 05:30:00+05:30,2026-09-25,12.5,user_observed,,10,Fill here,False,Godhuli Gopal Road,outdoor_road,Dense trees,40,user_assumed_not_field_counted,approximate road length and fixture spacing for roads; corridor estimation method not documented
LOC008_20260925,LOC008,2026-09-25 17:00:00+05:30,2026-09-26 05:45:00+05:30,2026-09-25,12.75,user_observed,,16,Fill here,False,Disang Road,outdoor_road,Open sky / none,40,user_assumed_not_field_counted,approximate road length and fixture spacing for roads; corridor estimation method not documented
LOC009_20260925,LOC009,2026-09-25 17:00:00+05:30,2026-09-26 05:45:00+05:30,2026-09-25,12.75,user_observed,,18,Fill here,False,Lohit Hostel,corridor,Roof / covered,720,user_assumed_not_field_counted,approximate road length and fixture spacing for roads; corridor estimation method not documented
LOC010_20260925,LOC010,2026-09-25 17:00:00+05:30,2026-09-26 05:45:00+05:30,2026-09-25,12.75,user_observed,,20,Fill here,False,Disang Hostel,corridor,Roof / covered,900,user_assumed_not_field_counted,approximate road length and fixture spacing for roads; corridor estimation method not documented
LOC003_20260926,LOC003,2026-09-26 16:30:00+05:30,2026-09-27 05:45:00+05:30,2026-09-26,13.25,user_observed,,7,Fill here,False,IIT Road,outdoor_road,Open sky / none,50,user_assumed_not_field_counted,approximate road length and fixture spacing for roads; corridor estimation method not documented
LOC001_20260926,LOC001,2026-09-26 16:45:00+05:30,2026-09-27 05:30:00+05:30,2026-09-26,12.75,user_observed,,3,Fill here,False,IITG Border Road,outdoor_road,Mixed obstructions,400,user_assumed_not_field_counted,approximate road length and fixture spacing for roads; corridor estimation method not documented
LOC002_20260926,LOC002,2026-09-26 16:45:00+05:30,2026-09-27 05:30:00+05:30,2026-09-26,12.75,user_observed,,5,Fill here,False,Surjyamukhi Road,outdoor_road,Dense trees,150,user_assumed_not_field_counted,approximate road length and fixture spacing for roads; corridor estimation method not documented
LOC006_20260926,LOC006,2026-09-26 16:45:00+05:30,2026-09-27 05:30:00+05:30,2026-09-26,12.75,user_observed,,13,Fill here,False,Umiam Hostel Road,outdoor_road,Sparse trees,15,user_assumed_not_field_counted,approximate road length and fixture spacing for roads; corridor estimation method not documented
LOC007_20260926,LOC007,2026-09-26 16:45:00+05:30,2026-09-27 05:30:00+05:30,2026-09-26,12.75,user_observed,,15,Fill here,False,KV Road,outdoor_road,Dense trees,30,user_assumed_not_field_counted,approximate road length and fixture spacing for roads; corridor estimation method not documented
LOC004_20260926,LOC004,2026-09-26 17:00:00+05:30,2026-09-27 05:45:00+05:30,2026-09-26,12.75,user_observed,,9,Fill here,False,Radhasura Road,outdoor_road,Dense trees,80,user_assumed_not_field_counted,approximate road length and fixture spacing for roads; corridor estimation method not documented
LOC005_20260926,LOC005,2026-09-26 17:00:00+05:30,2026-09-27 05:30:00+05:30,2026-09-26,12.5,user_observed,,11,Fill here,False,Godhuli Gopal Road,outdoor_road,Dense trees,40,user_assumed_not_field_counted,approximate road length and fixture spacing for roads; corridor estimation method not documented
LOC008_20260926,LOC008,2026-09-26 17:00:00+05:30,2026-09-27 05:45:00+05:30,2026-09-26,12.75,user_observed,,17,Fill here,False,Disang Road,outdoor_road,Open sky / none,40,user_assumed_not_field_counted,approximate road length and fixture spacing for roads; corridor estimation method not documented
LOC009_20260926,LOC009,2026-09-26 17:00:00+05:30,2026-09-27 05:45:00+05:30,2026-09-26,12.75,user_observed,,19,Fill here,False,Lohit Hostel,corridor,Roof / covered,720,user_assumed_not_field_counted,approximate road length and fixture spacing for roads; corridor estimation method not documented
LOC010_20260926,LOC010,2026-09-26 17:00:00+05:30,2026-09-27 05:45:00+05:30,2026-09-26,12.75,user_observed,,21,Fill here,False,Disang Hostel,corridor,Roof / covered,900,user_assumed_not_field_counted,approximate road length and fixture spacing for roads; corridor estimation method not documented
