observation_id,location_id,night_start_date,scenario,working_count_case,working_lights,rated_power_w,manual_hours,recommended_hours,excess_on_hours,additional_on_hours,manual_kwh,recommended_kwh,excess_kwh,additional_kwh,net_savings_kwh,tariff_inr_per_kwh,emission_factor_kg_co2_per_kwh,net_savings_inr,net_avoided_kg_co2,status
LOC003_20260925,LOC003,2026-09-25,lower_daylight,min,48,90,13.25,12.116666666666667,1.1333333333333329,0.0,57.24,52.34400000000001,4.895999999999998,0.0,4.895999999999998,,,,,scenario_estimate_not_measured_savings
LOC003_20260925,LOC003,2026-09-25,lower_daylight,max,49,90,13.25,12.116666666666667,1.1333333333333329,0.0,58.432500000000005,53.43450000000001,4.997999999999998,0.0,4.997999999999998,,,,,scenario_estimate_not_measured_savings
LOC003_20260925,LOC003,2026-09-25,central,min,48,90,13.25,12.1,1.1500000000000004,0.0,57.24,52.272,4.968000000000002,0.0,4.968000000000002,,,,,scenario_estimate_not_measured_savings
LOC003_20260925,LOC003,2026-09-25,central,max,49,90,13.25,12.1,1.1500000000000004,0.0,58.432500000000005,53.361,5.071500000000002,0.0,5.071500000000002,,,,,scenario_estimate_not_measured_savings
LOC003_20260925,LOC003,2026-09-25,higher_daylight,min,48,90,13.25,12.1,1.1500000000000004,0.0,57.24,52.272,4.968000000000002,0.0,4.968000000000002,,,,,scenario_estimate_not_measured_savings
LOC003_20260925,LOC003,2026-09-25,higher_daylight,max,49,90,13.25,12.1,1.1500000000000004,0.0,58.432500000000005,53.361,5.071500000000002,0.0,5.071500000000002,,,,,scenario_estimate_not_measured_savings
LOC001_20260925,LOC001,2026-09-25,lower_daylight,min,396,200,12.75,12.233333333333333,0.5166666666666675,0.0,1009.8000000000001,968.88,40.920000000000066,0.0,40.920000000000066,,,,,scenario_estimate_not_measured_savings
LOC001_20260925,LOC001,2026-09-25,lower_daylight,max,397,200,12.75,12.233333333333333,0.5166666666666675,0.0,1012.35,971.3266666666667,41.023333333333404,0.0,41.023333333333404,,,,,scenario_estimate_not_measured_savings
LOC001_20260925,LOC001,2026-09-25,central,min,396,200,12.75,12.15,0.5999999999999996,0.0,1009.8000000000001,962.2800000000001,47.519999999999975,0.0,47.519999999999975,,,,,scenario_estimate_not_measured_savings
LOC001_20260925,LOC001,2026-09-25,central,max,397,200,12.75,12.15,0.5999999999999996,0.0,1012.35,964.7100000000002,47.63999999999997,0.0,47.63999999999997,,,,,scenario_estimate_not_measured_savings
LOC001_20260925,LOC001,2026-09-25,higher_daylight,min,396,200,12.75,12.116666666666667,0.6333333333333329,0.0,1009.8000000000001,959.6400000000001,50.15999999999996,0.0,50.15999999999996,,,,,scenario_estimate_not_measured_savings
LOC001_20260925,LOC001,2026-09-25,higher_daylight,max,397,200,12.75,12.116666666666667,0.6333333333333329,0.0,1012.35,962.0633333333334,50.28666666666663,0.0,50.28666666666663,,,,,scenario_estimate_not_measured_savings
LOC002_20260925,LOC002,2026-09-25,lower_daylight,min,148,90,12.75,12.316666666666666,0.5166666666666675,0.08333333333333393,169.83,164.058,6.882000000000011,1.1100000000000079,5.772000000000003,,,,,scenario_estimate_not_measured_savings
LOC002_20260925,LOC002,2026-09-25,lower_daylight,max,149,90,12.75,12.316666666666666,0.5166666666666675,0.08333333333333393,170.9775,165.16649999999998,6.928500000000011,1.117500000000008,5.8110000000000035,,,,,scenario_estimate_not_measured_savings
LOC002_20260925,LOC002,2026-09-25,central,min,148,90,12.75,12.183333333333334,0.5666666666666664,0.0,169.83,162.282,7.547999999999997,0.0,7.547999999999997,,,,,scenario_estimate_not_measured_savings
LOC002_20260925,LOC002,2026-09-25,central,max,149,90,12.75,12.183333333333334,0.5666666666666664,0.0,170.9775,163.3785,7.598999999999997,0.0,7.598999999999997,,,,,scenario_estimate_not_measured_savings
LOC002_20260925,LOC002,2026-09-25,higher_daylight,min,148,90,12.75,12.133333333333333,0.6166666666666671,0.0,169.83,161.61599999999999,8.214000000000006,0.0,8.214000000000006,,,,,scenario_estimate_not_measured_savings
LOC002_20260925,LOC002,2026-09-25,higher_daylight,max,149,90,12.75,12.133333333333333,0.6166666666666671,0.0,170.9775,162.708,8.269500000000006,0.0,8.269500000000006,,,,,scenario_estimate_not_measured_savings
LOC006_20260925,LOC006,2026-09-25,lower_daylight,min,13,90,12.75,12.166666666666666,0.5833333333333339,0.0,14.917499999999999,14.234999999999998,0.6825000000000007,0.0,0.6825000000000007,,,,,scenario_estimate_not_measured_savings
LOC006_20260925,LOC006,2026-09-25,lower_daylight,max,14,90,12.75,12.166666666666666,0.5833333333333339,0.0,16.065,15.33,0.7350000000000008,0.0,0.7350000000000008,,,,,scenario_estimate_not_measured_savings
LOC006_20260925,LOC006,2026-09-25,central,min,13,90,12.75,12.116666666666667,0.6333333333333329,0.0,14.917499999999999,14.176499999999999,0.7409999999999994,0.0,0.7409999999999994,,,,,scenario_estimate_not_measured_savings
LOC006_20260925,LOC006,2026-09-25,central,max,14,90,12.75,12.116666666666667,0.6333333333333329,0.0,16.065,15.267000000000001,0.7979999999999994,0.0,0.7979999999999994,,,,,scenario_estimate_not_measured_savings
LOC006_20260925,LOC006,2026-09-25,higher_daylight,min,13,90,12.75,12.1,0.6500000000000004,0.0,14.917499999999999,14.156999999999998,0.7605000000000004,0.0,0.7605000000000004,,,,,scenario_estimate_not_measured_savings
LOC006_20260925,LOC006,2026-09-25,higher_daylight,max,14,90,12.75,12.1,0.6500000000000004,0.0,16.065,15.246,0.8190000000000005,0.0,0.8190000000000005,,,,,scenario_estimate_not_measured_savings
LOC007_20260925,LOC007,2026-09-25,lower_daylight,min,28,90,12.75,12.316666666666666,0.5166666666666675,0.08333333333333393,32.13,31.038,1.302000000000002,0.2100000000000015,1.0920000000000005,,,,,scenario_estimate_not_measured_savings
LOC007_20260925,LOC007,2026-09-25,lower_daylight,max,29,90,12.75,12.316666666666666,0.5166666666666675,0.08333333333333393,33.277499999999996,32.146499999999996,1.348500000000002,0.21750000000000153,1.1310000000000007,,,,,scenario_estimate_not_measured_savings
LOC007_20260925,LOC007,2026-09-25,central,min,28,90,12.75,12.183333333333334,0.5666666666666664,0.0,32.13,30.702,1.4279999999999995,0.0,1.4279999999999995,,,,,scenario_estimate_not_measured_savings
LOC007_20260925,LOC007,2026-09-25,central,max,29,90,12.75,12.183333333333334,0.5666666666666664,0.0,33.277499999999996,31.7985,1.4789999999999992,0.0,1.4789999999999992,,,,,scenario_estimate_not_measured_savings
LOC007_20260925,LOC007,2026-09-25,higher_daylight,min,28,90,12.75,12.133333333333333,0.6166666666666671,0.0,32.13,30.576,1.5540000000000012,0.0,1.5540000000000012,,,,,scenario_estimate_not_measured_savings
LOC007_20260925,LOC007,2026-09-25,higher_daylight,max,29,90,12.75,12.133333333333333,0.6166666666666671,0.0,33.277499999999996,31.667999999999996,1.6095000000000013,0.0,1.6095000000000013,,,,,scenario_estimate_not_measured_savings
LOC004_20260925,LOC004,2026-09-25,lower_daylight,min,78,90,12.75,12.316666666666666,0.43333333333333357,0.0,89.505,86.463,3.0420000000000016,0.0,3.0420000000000016,,,,,scenario_estimate_not_measured_savings
LOC004_20260925,LOC004,2026-09-25,lower_daylight,max,79,90,12.75,12.316666666666666,0.43333333333333357,0.0,90.6525,87.5715,3.0810000000000017,0.0,3.0810000000000017,,,,,scenario_estimate_not_measured_savings
LOC004_20260925,LOC004,2026-09-25,central,min,78,90,12.75,12.183333333333334,0.5666666666666664,0.0,89.505,85.527,3.977999999999998,0.0,3.977999999999998,,,,,scenario_estimate_not_measured_savings
LOC004_20260925,LOC004,2026-09-25,central,max,79,90,12.75,12.183333333333334,0.5666666666666664,0.0,90.6525,86.6235,4.028999999999998,0.0,4.028999999999998,,,,,scenario_estimate_not_measured_savings
LOC004_20260925,LOC004,2026-09-25,higher_daylight,min,78,90,12.75,12.133333333333333,0.6166666666666671,0.0,89.505,85.17599999999999,4.329000000000003,0.0,4.329000000000003,,,,,scenario_estimate_not_measured_savings
LOC004_20260925,LOC004,2026-09-25,higher_daylight,max,79,90,12.75,12.133333333333333,0.6166666666666671,0.0,90.6525,86.268,4.384500000000004,0.0,4.384500000000004,,,,,scenario_estimate_not_measured_savings
LOC005_20260925,LOC005,2026-09-25,lower_daylight,min,38,90,12.5,12.316666666666666,0.2666666666666675,0.08333333333333393,42.75,42.123,0.9120000000000028,0.28500000000000203,0.6270000000000008,,,,,scenario_estimate_not_measured_savings
LOC005_20260925,LOC005,2026-09-25,lower_daylight,max,39,90,12.5,12.316666666666666,0.2666666666666675,0.08333333333333393,43.875,43.2315,0.9360000000000028,0.29250000000000204,0.6435000000000007,,,,,scenario_estimate_not_measured_savings
LOC005_20260925,LOC005,2026-09-25,central,min,38,90,12.5,12.183333333333334,0.31666666666666643,0.0,42.75,41.667,1.082999999999999,0.0,1.082999999999999,,,,,scenario_estimate_not_measured_savings
LOC005_20260925,LOC005,2026-09-25,central,max,39,90,12.5,12.183333333333334,0.31666666666666643,0.0,43.875,42.7635,1.111499999999999,0.0,1.111499999999999,,,,,scenario_estimate_not_measured_savings
LOC005_20260925,LOC005,2026-09-25,higher_daylight,min,38,90,12.5,12.133333333333333,0.36666666666666714,0.0,42.75,41.495999999999995,1.2540000000000016,0.0,1.2540000000000016,,,,,scenario_estimate_not_measured_savings
LOC005_20260925,LOC005,2026-09-25,higher_daylight,max,39,90,12.5,12.133333333333333,0.36666666666666714,0.0,43.875,42.587999999999994,1.2870000000000015,0.0,1.2870000000000015,,,,,scenario_estimate_not_measured_savings
LOC008_20260925,LOC008,2026-09-25,lower_daylight,min,38,90,12.75,12.116666666666667,0.6333333333333329,0.0,43.605,41.439,2.165999999999998,0.0,2.165999999999998,,,,,scenario_estimate_not_measured_savings
LOC008_20260925,LOC008,2026-09-25,lower_daylight,max,39,90,12.75,12.116666666666667,0.6333333333333329,0.0,44.7525,42.5295,2.222999999999998,0.0,2.222999999999998,,,,,scenario_estimate_not_measured_savings
LOC008_20260925,LOC008,2026-09-25,central,min,38,90,12.75,12.1,0.6500000000000004,0.0,43.605,41.382,2.223000000000001,0.0,2.223000000000001,,,,,scenario_estimate_not_measured_savings
LOC008_20260925,LOC008,2026-09-25,central,max,39,90,12.75,12.1,0.6500000000000004,0.0,44.7525,42.471,2.281500000000001,0.0,2.281500000000001,,,,,scenario_estimate_not_measured_savings
LOC008_20260925,LOC008,2026-09-25,higher_daylight,min,38,90,12.75,12.1,0.6500000000000004,0.0,43.605,41.382,2.223000000000001,0.0,2.223000000000001,,,,,scenario_estimate_not_measured_savings
LOC008_20260925,LOC008,2026-09-25,higher_daylight,max,39,90,12.75,12.1,0.6500000000000004,0.0,44.7525,42.471,2.281500000000001,0.0,2.281500000000001,,,,,scenario_estimate_not_measured_savings
LOC009_20260925,LOC009,2026-09-25,lower_daylight,min,720,20,12.75,14.933333333333334,0.0,2.1833333333333336,183.6,215.04000000000002,0.0,31.440000000000005,-31.440000000000005,,,,,scenario_estimate_not_measured_savings
LOC009_20260925,LOC009,2026-09-25,lower_daylight,max,720,20,12.75,14.933333333333334,0.0,2.1833333333333336,183.6,215.04000000000002,0.0,31.440000000000005,-31.440000000000005,,,,,scenario_estimate_not_measured_savings
LOC009_20260925,LOC009,2026-09-25,central,min,720,20,12.75,13.166666666666666,0.0,0.4166666666666661,183.6,189.6,0.0,5.999999999999992,-5.999999999999992,,,,,scenario_estimate_not_measured_savings
LOC009_20260925,LOC009,2026-09-25,central,max,720,20,12.75,13.166666666666666,0.0,0.4166666666666661,183.6,189.6,0.0,5.999999999999992,-5.999999999999992,,,,,scenario_estimate_not_measured_savings
LOC009_20260925,LOC009,2026-09-25,higher_daylight,min,720,20,12.75,12.4,0.34999999999999964,0.0,183.6,178.56,5.039999999999995,0.0,5.039999999999995,,,,,scenario_estimate_not_measured_savings
LOC009_20260925,LOC009,2026-09-25,higher_daylight,max,720,20,12.75,12.4,0.34999999999999964,0.0,183.6,178.56,5.039999999999995,0.0,5.039999999999995,,,,,scenario_estimate_not_measured_savings
LOC010_20260925,LOC010,2026-09-25,lower_daylight,min,900,20,12.75,14.933333333333334,0.0,2.1833333333333336,229.5,268.8,0.0,39.300000000000004,-39.300000000000004,,,,,scenario_estimate_not_measured_savings
LOC010_20260925,LOC010,2026-09-25,lower_daylight,max,900,20,12.75,14.933333333333334,0.0,2.1833333333333336,229.5,268.8,0.0,39.300000000000004,-39.300000000000004,,,,,scenario_estimate_not_measured_savings
LOC010_20260925,LOC010,2026-09-25,central,min,900,20,12.75,13.166666666666666,0.0,0.4166666666666661,229.5,237.0,0.0,7.499999999999989,-7.499999999999989,,,,,scenario_estimate_not_measured_savings
LOC010_20260925,LOC010,2026-09-25,central,max,900,20,12.75,13.166666666666666,0.0,0.4166666666666661,229.5,237.0,0.0,7.499999999999989,-7.499999999999989,,,,,scenario_estimate_not_measured_savings
LOC010_20260925,LOC010,2026-09-25,higher_daylight,min,900,20,12.75,12.4,0.34999999999999964,0.0,229.5,223.20000000000002,6.299999999999994,0.0,6.299999999999994,,,,,scenario_estimate_not_measured_savings
LOC010_20260925,LOC010,2026-09-25,higher_daylight,max,900,20,12.75,12.4,0.34999999999999964,0.0,229.5,223.20000000000002,6.299999999999994,0.0,6.299999999999994,,,,,scenario_estimate_not_measured_savings
LOC003_20260926,LOC003,2026-09-26,lower_daylight,min,48,90,13.25,12.133333333333333,1.1166666666666671,0.0,57.24,52.416000000000004,4.8240000000000025,0.0,4.8240000000000025,,,,,scenario_estimate_not_measured_savings
LOC003_20260926,LOC003,2026-09-26,lower_daylight,max,49,90,13.25,12.133333333333333,1.1166666666666671,0.0,58.432500000000005,53.508,4.924500000000002,0.0,4.924500000000002,,,,,scenario_estimate_not_measured_savings
LOC003_20260926,LOC003,2026-09-26,central,min,48,90,13.25,12.116666666666667,1.1333333333333329,0.0,57.24,52.34400000000001,4.895999999999998,0.0,4.895999999999998,,,,,scenario_estimate_not_measured_savings
LOC003_20260926,LOC003,2026-09-26,central,max,49,90,13.25,12.116666666666667,1.1333333333333329,0.0,58.432500000000005,53.43450000000001,4.997999999999998,0.0,4.997999999999998,,,,,scenario_estimate_not_measured_savings
LOC003_20260926,LOC003,2026-09-26,higher_daylight,min,48,90,13.25,12.116666666666667,1.1333333333333329,0.0,57.24,52.34400000000001,4.895999999999998,0.0,4.895999999999998,,,,,scenario_estimate_not_measured_savings
LOC003_20260926,LOC003,2026-09-26,higher_daylight,max,49,90,13.25,12.116666666666667,1.1333333333333329,0.0,58.432500000000005,53.43450000000001,4.997999999999998,0.0,4.997999999999998,,,,,scenario_estimate_not_measured_savings
LOC001_20260926,LOC001,2026-09-26,lower_daylight,min,396,200,12.75,12.25,0.5,0.0,1009.8000000000001,970.2,39.6,0.0,39.6,,,,,scenario_estimate_not_measured_savings
LOC001_20260926,LOC001,2026-09-26,lower_daylight,max,397,200,12.75,12.25,0.5,0.0,1012.35,972.6500000000001,39.7,0.0,39.7,,,,,scenario_estimate_not_measured_savings
LOC001_20260926,LOC001,2026-09-26,central,min,396,200,12.75,12.166666666666666,0.5833333333333339,0.0,1009.8000000000001,963.6,46.200000000000045,0.0,46.200000000000045,,,,,scenario_estimate_not_measured_savings
LOC001_20260926,LOC001,2026-09-26,central,max,397,200,12.75,12.166666666666666,0.5833333333333339,0.0,1012.35,966.0333333333333,46.31666666666672,0.0,46.31666666666672,,,,,scenario_estimate_not_measured_savings
LOC001_20260926,LOC001,2026-09-26,higher_daylight,min,396,200,12.75,12.116666666666667,0.6333333333333329,0.0,1009.8000000000001,959.6400000000001,50.15999999999996,0.0,50.15999999999996,,,,,scenario_estimate_not_measured_savings
LOC001_20260926,LOC001,2026-09-26,higher_daylight,max,397,200,12.75,12.116666666666667,0.6333333333333329,0.0,1012.35,962.0633333333334,50.28666666666663,0.0,50.28666666666663,,,,,scenario_estimate_not_measured_savings
LOC002_20260926,LOC002,2026-09-26,lower_daylight,min,148,90,12.75,12.333333333333334,0.5,0.08333333333333393,169.83,164.28,6.66,1.1100000000000079,5.549999999999992,,,,,scenario_estimate_not_measured_savings
LOC002_20260926,LOC002,2026-09-26,lower_daylight,max,149,90,12.75,12.333333333333334,0.5,0.08333333333333393,170.9775,165.39000000000001,6.705,1.117500000000008,5.587499999999992,,,,,scenario_estimate_not_measured_savings
LOC002_20260926,LOC002,2026-09-26,central,min,148,90,12.75,12.2,0.5500000000000007,0.0,169.83,162.504,7.326000000000009,0.0,7.326000000000009,,,,,scenario_estimate_not_measured_savings
LOC002_20260926,LOC002,2026-09-26,central,max,149,90,12.75,12.2,0.5500000000000007,0.0,170.9775,163.602,7.3755000000000095,0.0,7.3755000000000095,,,,,scenario_estimate_not_measured_savings
LOC002_20260926,LOC002,2026-09-26,higher_daylight,min,148,90,12.75,12.133333333333333,0.6166666666666671,0.0,169.83,161.61599999999999,8.214000000000006,0.0,8.214000000000006,,,,,scenario_estimate_not_measured_savings
LOC002_20260926,LOC002,2026-09-26,higher_daylight,max,149,90,12.75,12.133333333333333,0.6166666666666671,0.0,170.9775,162.708,8.269500000000006,0.0,8.269500000000006,,,,,scenario_estimate_not_measured_savings
LOC006_20260926,LOC006,2026-09-26,lower_daylight,min,13,90,12.75,12.183333333333334,0.5666666666666664,0.0,14.917499999999999,14.2545,0.6629999999999997,0.0,0.6629999999999997,,,,,scenario_estimate_not_measured_savings
LOC006_20260926,LOC006,2026-09-26,lower_daylight,max,14,90,12.75,12.183333333333334,0.5666666666666664,0.0,16.065,15.351,0.7139999999999997,0.0,0.7139999999999997,,,,,scenario_estimate_not_measured_savings
LOC006_20260926,LOC006,2026-09-26,central,min,13,90,12.75,12.133333333333333,0.6166666666666671,0.0,14.917499999999999,14.195999999999998,0.7215000000000005,0.0,0.7215000000000005,,,,,scenario_estimate_not_measured_savings
LOC006_20260926,LOC006,2026-09-26,central,max,14,90,12.75,12.133333333333333,0.6166666666666671,0.0,16.065,15.288,0.7770000000000006,0.0,0.7770000000000006,,,,,scenario_estimate_not_measured_savings
LOC006_20260926,LOC006,2026-09-26,higher_daylight,min,13,90,12.75,12.116666666666667,0.6333333333333329,0.0,14.917499999999999,14.176499999999999,0.7409999999999994,0.0,0.7409999999999994,,,,,scenario_estimate_not_measured_savings
LOC006_20260926,LOC006,2026-09-26,higher_daylight,max,14,90,12.75,12.116666666666667,0.6333333333333329,0.0,16.065,15.267000000000001,0.7979999999999994,0.0,0.7979999999999994,,,,,scenario_estimate_not_measured_savings
LOC007_20260926,LOC007,2026-09-26,lower_daylight,min,28,90,12.75,12.333333333333334,0.5,0.08333333333333393,32.13,31.080000000000002,1.26,0.2100000000000015,1.0499999999999985,,,,,scenario_estimate_not_measured_savings
LOC007_20260926,LOC007,2026-09-26,lower_daylight,max,29,90,12.75,12.333333333333334,0.5,0.08333333333333393,33.277499999999996,32.19,1.305,0.21750000000000153,1.0874999999999984,,,,,scenario_estimate_not_measured_savings
LOC007_20260926,LOC007,2026-09-26,central,min,28,90,12.75,12.2,0.5500000000000007,0.0,32.13,30.744,1.386000000000002,0.0,1.386000000000002,,,,,scenario_estimate_not_measured_savings
LOC007_20260926,LOC007,2026-09-26,central,max,29,90,12.75,12.2,0.5500000000000007,0.0,33.277499999999996,31.841999999999995,1.4355000000000018,0.0,1.4355000000000018,,,,,scenario_estimate_not_measured_savings
LOC007_20260926,LOC007,2026-09-26,higher_daylight,min,28,90,12.75,12.133333333333333,0.6166666666666671,0.0,32.13,30.576,1.5540000000000012,0.0,1.5540000000000012,,,,,scenario_estimate_not_measured_savings
LOC007_20260926,LOC007,2026-09-26,higher_daylight,max,29,90,12.75,12.133333333333333,0.6166666666666671,0.0,33.277499999999996,31.667999999999996,1.6095000000000013,0.0,1.6095000000000013,,,,,scenario_estimate_not_measured_savings
LOC004_20260926,LOC004,2026-09-26,lower_daylight,min,78,90,12.75,12.333333333333334,0.4166666666666661,0.0,89.505,86.58,2.924999999999996,0.0,2.924999999999996,,,,,scenario_estimate_not_measured_savings
LOC004_20260926,LOC004,2026-09-26,lower_daylight,max,79,90,12.75,12.333333333333334,0.4166666666666661,0.0,90.6525,87.69000000000001,2.962499999999996,0.0,2.962499999999996,,,,,scenario_estimate_not_measured_savings
LOC004_20260926,LOC004,2026-09-26,central,min,78,90,12.75,12.2,0.5500000000000007,0.0,89.505,85.64399999999999,3.8610000000000047,0.0,3.8610000000000047,,,,,scenario_estimate_not_measured_savings
LOC004_20260926,LOC004,2026-09-26,central,max,79,90,12.75,12.2,0.5500000000000007,0.0,90.6525,86.742,3.910500000000005,0.0,3.910500000000005,,,,,scenario_estimate_not_measured_savings
LOC004_20260926,LOC004,2026-09-26,higher_daylight,min,78,90,12.75,12.133333333333333,0.6166666666666671,0.0,89.505,85.17599999999999,4.329000000000003,0.0,4.329000000000003,,,,,scenario_estimate_not_measured_savings
LOC004_20260926,LOC004,2026-09-26,higher_daylight,max,79,90,12.75,12.133333333333333,0.6166666666666671,0.0,90.6525,86.268,4.384500000000004,0.0,4.384500000000004,,,,,scenario_estimate_not_measured_savings
LOC005_20260926,LOC005,2026-09-26,lower_daylight,min,38,90,12.5,12.333333333333334,0.25,0.08333333333333393,42.75,42.18,0.855,0.28500000000000203,0.569999999999998,,,,,scenario_estimate_not_measured_savings
LOC005_20260926,LOC005,2026-09-26,lower_daylight,max,39,90,12.5,12.333333333333334,0.25,0.08333333333333393,43.875,43.29,0.8775,0.29250000000000204,0.5849999999999979,,,,,scenario_estimate_not_measured_savings
LOC005_20260926,LOC005,2026-09-26,central,min,38,90,12.5,12.2,0.3000000000000007,0.0,42.75,41.724,1.0260000000000025,0.0,1.0260000000000025,,,,,scenario_estimate_not_measured_savings
LOC005_20260926,LOC005,2026-09-26,central,max,39,90,12.5,12.2,0.3000000000000007,0.0,43.875,42.821999999999996,1.0530000000000024,0.0,1.0530000000000024,,,,,scenario_estimate_not_measured_savings
LOC005_20260926,LOC005,2026-09-26,higher_daylight,min,38,90,12.5,12.133333333333333,0.36666666666666714,0.0,42.75,41.495999999999995,1.2540000000000016,0.0,1.2540000000000016,,,,,scenario_estimate_not_measured_savings
LOC005_20260926,LOC005,2026-09-26,higher_daylight,max,39,90,12.5,12.133333333333333,0.36666666666666714,0.0,43.875,42.587999999999994,1.2870000000000015,0.0,1.2870000000000015,,,,,scenario_estimate_not_measured_savings
LOC008_20260926,LOC008,2026-09-26,lower_daylight,min,38,90,12.75,12.133333333333333,0.6166666666666671,0.0,43.605,41.495999999999995,2.1090000000000018,0.0,2.1090000000000018,,,,,scenario_estimate_not_measured_savings
LOC008_20260926,LOC008,2026-09-26,lower_daylight,max,39,90,12.75,12.133333333333333,0.6166666666666671,0.0,44.7525,42.587999999999994,2.1645000000000016,0.0,2.1645000000000016,,,,,scenario_estimate_not_measured_savings
LOC008_20260926,LOC008,2026-09-26,central,min,38,90,12.75,12.116666666666667,0.6333333333333329,0.0,43.605,41.439,2.165999999999998,0.0,2.165999999999998,,,,,scenario_estimate_not_measured_savings
LOC008_20260926,LOC008,2026-09-26,central,max,39,90,12.75,12.116666666666667,0.6333333333333329,0.0,44.7525,42.5295,2.222999999999998,0.0,2.222999999999998,,,,,scenario_estimate_not_measured_savings
LOC008_20260926,LOC008,2026-09-26,higher_daylight,min,38,90,12.75,12.116666666666667,0.6333333333333329,0.0,43.605,41.439,2.165999999999998,0.0,2.165999999999998,,,,,scenario_estimate_not_measured_savings
LOC008_20260926,LOC008,2026-09-26,higher_daylight,max,39,90,12.75,12.116666666666667,0.6333333333333329,0.0,44.7525,42.5295,2.222999999999998,0.0,2.222999999999998,,,,,scenario_estimate_not_measured_savings
LOC009_20260926,LOC009,2026-09-26,lower_daylight,min,720,20,12.75,14.966666666666667,0.0,2.216666666666667,183.6,215.52,0.0,31.92,-31.92,,,,,scenario_estimate_not_measured_savings
LOC009_20260926,LOC009,2026-09-26,lower_daylight,max,720,20,12.75,14.966666666666667,0.0,2.216666666666667,183.6,215.52,0.0,31.92,-31.92,,,,,scenario_estimate_not_measured_savings
LOC009_20260926,LOC009,2026-09-26,central,min,720,20,12.75,13.233333333333333,0.0,0.4833333333333325,183.6,190.56,0.0,6.959999999999988,-6.959999999999988,,,,,scenario_estimate_not_measured_savings
LOC009_20260926,LOC009,2026-09-26,central,max,720,20,12.75,13.233333333333333,0.0,0.4833333333333325,183.6,190.56,0.0,6.959999999999988,-6.959999999999988,,,,,scenario_estimate_not_measured_savings
LOC009_20260926,LOC009,2026-09-26,higher_daylight,min,720,20,12.75,12.416666666666666,0.3333333333333339,0.0,183.6,178.79999999999998,4.800000000000009,0.0,4.800000000000009,,,,,scenario_estimate_not_measured_savings
LOC009_20260926,LOC009,2026-09-26,higher_daylight,max,720,20,12.75,12.416666666666666,0.3333333333333339,0.0,183.6,178.79999999999998,4.800000000000009,0.0,4.800000000000009,,,,,scenario_estimate_not_measured_savings
LOC010_20260926,LOC010,2026-09-26,lower_daylight,min,900,20,12.75,14.966666666666667,0.0,2.216666666666667,229.5,269.4,0.0,39.900000000000006,-39.900000000000006,,,,,scenario_estimate_not_measured_savings
LOC010_20260926,LOC010,2026-09-26,lower_daylight,max,900,20,12.75,14.966666666666667,0.0,2.216666666666667,229.5,269.4,0.0,39.900000000000006,-39.900000000000006,,,,,scenario_estimate_not_measured_savings
LOC010_20260926,LOC010,2026-09-26,central,min,900,20,12.75,13.233333333333333,0.0,0.4833333333333325,229.5,238.2,0.0,8.699999999999985,-8.699999999999985,,,,,scenario_estimate_not_measured_savings
LOC010_20260926,LOC010,2026-09-26,central,max,900,20,12.75,13.233333333333333,0.0,0.4833333333333325,229.5,238.2,0.0,8.699999999999985,-8.699999999999985,,,,,scenario_estimate_not_measured_savings
LOC010_20260926,LOC010,2026-09-26,higher_daylight,min,900,20,12.75,12.416666666666666,0.3333333333333339,0.0,229.5,223.5,6.000000000000011,0.0,6.000000000000011,,,,,scenario_estimate_not_measured_savings
LOC010_20260926,LOC010,2026-09-26,higher_daylight,max,900,20,12.75,12.416666666666666,0.3333333333333339,0.0,229.5,223.5,6.000000000000011,0.0,6.000000000000011,,,,,scenario_estimate_not_measured_savings
