observation_id,location_id,location_name,night_start_date,scenario,manual_on_local,manual_off_local,recommended_on_local,recommended_off_local,sunset_local,sunrise_local,daylight_transfer,luminous_efficacy_lm_per_w,on_threshold_lux,off_threshold_lux,review_required,off_not_reached_within_window,decision_resolution_minutes,input_cadence_minutes,basis
LOC003_20260925,LOC003,IIT Road,2026-09-25,lower_daylight,2026-09-25 16:30:00+05:30,2026-09-26 05:45:00+05:30,2026-09-25 17:16:00+05:30,2026-09-26 05:23:00+05:30,2026-09-25 17:16:32.700201+05:30,2026-09-26 05:13:31.443102+05:30,0.8,80,20,30,True,False,1,15,uncalibrated_historical_profile_scenario
LOC003_20260925,LOC003,IIT Road,2026-09-25,central,2026-09-25 16:30:00+05:30,2026-09-26 05:45:00+05:30,2026-09-25 17:16:00+05:30,2026-09-26 05:22:00+05:30,2026-09-25 17:16:32.700201+05:30,2026-09-26 05:13:31.443102+05:30,1.0,100,20,30,True,False,1,15,uncalibrated_historical_profile_scenario
LOC003_20260925,LOC003,IIT Road,2026-09-25,higher_daylight,2026-09-25 16:30:00+05:30,2026-09-26 05:45:00+05:30,2026-09-25 17:16:00+05:30,2026-09-26 05:22:00+05:30,2026-09-25 17:16:32.700201+05:30,2026-09-26 05:13:31.443102+05:30,1.0,120,20,30,True,False,1,15,uncalibrated_historical_profile_scenario
LOC001_20260925,LOC001,IITG Border Road,2026-09-25,lower_daylight,2026-09-25 16:45:00+05:30,2026-09-26 05:30:00+05:30,2026-09-25 17:16:00+05:30,2026-09-26 05:30:00+05:30,2026-09-25 17:16:32.700201+05:30,2026-09-26 05:13:31.443102+05:30,0.2,80,20,30,True,False,1,15,uncalibrated_historical_profile_scenario
LOC001_20260925,LOC001,IITG Border Road,2026-09-25,central,2026-09-25 16:45:00+05:30,2026-09-26 05:30:00+05:30,2026-09-25 17:16:00+05:30,2026-09-26 05:25:00+05:30,2026-09-25 17:16:32.700201+05:30,2026-09-26 05:13:31.443102+05:30,0.4,100,20,30,True,False,1,15,uncalibrated_historical_profile_scenario
LOC001_20260925,LOC001,IITG Border Road,2026-09-25,higher_daylight,2026-09-25 16:45:00+05:30,2026-09-26 05:30:00+05:30,2026-09-25 17:16:00+05:30,2026-09-26 05:23:00+05:30,2026-09-25 17:16:32.700201+05:30,2026-09-26 05:13:31.443102+05:30,0.7,120,20,30,True,False,1,15,uncalibrated_historical_profile_scenario
LOC002_20260925,LOC002,Surjyamukhi Road,2026-09-25,lower_daylight,2026-09-25 16:45:00+05:30,2026-09-26 05:30:00+05:30,2026-09-25 17:16:00+05:30,2026-09-26 05:35:00+05:30,2026-09-25 17:16:32.700201+05:30,2026-09-26 05:13:31.443102+05:30,0.1,80,20,30,True,False,1,15,uncalibrated_historical_profile_scenario
LOC002_20260925,LOC002,Surjyamukhi Road,2026-09-25,central,2026-09-25 16:45:00+05:30,2026-09-26 05:30:00+05:30,2026-09-25 17:16:00+05:30,2026-09-26 05:27:00+05:30,2026-09-25 17:16:32.700201+05:30,2026-09-26 05:13:31.443102+05:30,0.25,100,20,30,True,False,1,15,uncalibrated_historical_profile_scenario
LOC002_20260925,LOC002,Surjyamukhi Road,2026-09-25,higher_daylight,2026-09-25 16:45:00+05:30,2026-09-26 05:30:00+05:30,2026-09-25 17:16:00+05:30,2026-09-26 05:24:00+05:30,2026-09-25 17:16:32.700201+05:30,2026-09-26 05:13:31.443102+05:30,0.5,120,20,30,True,False,1,15,uncalibrated_historical_profile_scenario
LOC006_20260925,LOC006,Umiam Hostel Road,2026-09-25,lower_daylight,2026-09-25 16:45:00+05:30,2026-09-26 05:30:00+05:30,2026-09-25 17:16:00+05:30,2026-09-26 05:26:00+05:30,2026-09-25 17:16:32.700201+05:30,2026-09-26 05:13:31.443102+05:30,0.4,80,20,30,True,False,1,15,uncalibrated_historical_profile_scenario
LOC006_20260925,LOC006,Umiam Hostel Road,2026-09-25,central,2026-09-25 16:45:00+05:30,2026-09-26 05:30:00+05:30,2026-09-25 17:16:00+05:30,2026-09-26 05:23:00+05:30,2026-09-25 17:16:32.700201+05:30,2026-09-26 05:13:31.443102+05:30,0.65,100,20,30,True,False,1,15,uncalibrated_historical_profile_scenario
LOC006_20260925,LOC006,Umiam Hostel Road,2026-09-25,higher_daylight,2026-09-25 16:45:00+05:30,2026-09-26 05:30:00+05:30,2026-09-25 17:16:00+05:30,2026-09-26 05:22:00+05:30,2026-09-25 17:16:32.700201+05:30,2026-09-26 05:13:31.443102+05:30,0.85,120,20,30,True,False,1,15,uncalibrated_historical_profile_scenario
LOC007_20260925,LOC007,KV Road,2026-09-25,lower_daylight,2026-09-25 16:45:00+05:30,2026-09-26 05:30:00+05:30,2026-09-25 17:16:00+05:30,2026-09-26 05:35:00+05:30,2026-09-25 17:16:32.700201+05:30,2026-09-26 05:13:31.443102+05:30,0.1,80,20,30,True,False,1,15,uncalibrated_historical_profile_scenario
LOC007_20260925,LOC007,KV Road,2026-09-25,central,2026-09-25 16:45:00+05:30,2026-09-26 05:30:00+05:30,2026-09-25 17:16:00+05:30,2026-09-26 05:27:00+05:30,2026-09-25 17:16:32.700201+05:30,2026-09-26 05:13:31.443102+05:30,0.25,100,20,30,True,False,1,15,uncalibrated_historical_profile_scenario
LOC007_20260925,LOC007,KV Road,2026-09-25,higher_daylight,2026-09-25 16:45:00+05:30,2026-09-26 05:30:00+05:30,2026-09-25 17:16:00+05:30,2026-09-26 05:24:00+05:30,2026-09-25 17:16:32.700201+05:30,2026-09-26 05:13:31.443102+05:30,0.5,120,20,30,True,False,1,15,uncalibrated_historical_profile_scenario
LOC004_20260925,LOC004,Radhasura Road,2026-09-25,lower_daylight,2026-09-25 17:00:00+05:30,2026-09-26 05:45:00+05:30,2026-09-25 17:16:00+05:30,2026-09-26 05:35:00+05:30,2026-09-25 17:16:32.700201+05:30,2026-09-26 05:13:31.443102+05:30,0.1,80,20,30,True,False,1,15,uncalibrated_historical_profile_scenario
LOC004_20260925,LOC004,Radhasura Road,2026-09-25,central,2026-09-25 17:00:00+05:30,2026-09-26 05:45:00+05:30,2026-09-25 17:16:00+05:30,2026-09-26 05:27:00+05:30,2026-09-25 17:16:32.700201+05:30,2026-09-26 05:13:31.443102+05:30,0.25,100,20,30,True,False,1,15,uncalibrated_historical_profile_scenario
LOC004_20260925,LOC004,Radhasura Road,2026-09-25,higher_daylight,2026-09-25 17:00:00+05:30,2026-09-26 05:45:00+05:30,2026-09-25 17:16:00+05:30,2026-09-26 05:24:00+05:30,2026-09-25 17:16:32.700201+05:30,2026-09-26 05:13:31.443102+05:30,0.5,120,20,30,True,False,1,15,uncalibrated_historical_profile_scenario
LOC005_20260925,LOC005,Godhuli Gopal Road,2026-09-25,lower_daylight,2026-09-25 17:00:00+05:30,2026-09-26 05:30:00+05:30,2026-09-25 17:16:00+05:30,2026-09-26 05:35:00+05:30,2026-09-25 17:16:32.700201+05:30,2026-09-26 05:13:31.443102+05:30,0.1,80,20,30,True,False,1,15,uncalibrated_historical_profile_scenario
LOC005_20260925,LOC005,Godhuli Gopal Road,2026-09-25,central,2026-09-25 17:00:00+05:30,2026-09-26 05:30:00+05:30,2026-09-25 17:16:00+05:30,2026-09-26 05:27:00+05:30,2026-09-25 17:16:32.700201+05:30,2026-09-26 05:13:31.443102+05:30,0.25,100,20,30,True,False,1,15,uncalibrated_historical_profile_scenario
LOC005_20260925,LOC005,Godhuli Gopal Road,2026-09-25,higher_daylight,2026-09-25 17:00:00+05:30,2026-09-26 05:30:00+05:30,2026-09-25 17:16:00+05:30,2026-09-26 05:24:00+05:30,2026-09-25 17:16:32.700201+05:30,2026-09-26 05:13:31.443102+05:30,0.5,120,20,30,True,False,1,15,uncalibrated_historical_profile_scenario
LOC008_20260925,LOC008,Disang Road,2026-09-25,lower_daylight,2026-09-25 17:00:00+05:30,2026-09-26 05:45:00+05:30,2026-09-25 17:16:00+05:30,2026-09-26 05:23:00+05:30,2026-09-25 17:16:32.700201+05:30,2026-09-26 05:13:31.443102+05:30,0.8,80,20,30,True,False,1,15,uncalibrated_historical_profile_scenario
LOC008_20260925,LOC008,Disang Road,2026-09-25,central,2026-09-25 17:00:00+05:30,2026-09-26 05:45:00+05:30,2026-09-25 17:16:00+05:30,2026-09-26 05:22:00+05:30,2026-09-25 17:16:32.700201+05:30,2026-09-26 05:13:31.443102+05:30,1.0,100,20,30,True,False,1,15,uncalibrated_historical_profile_scenario
LOC008_20260925,LOC008,Disang Road,2026-09-25,higher_daylight,2026-09-25 17:00:00+05:30,2026-09-26 05:45:00+05:30,2026-09-25 17:16:00+05:30,2026-09-26 05:22:00+05:30,2026-09-25 17:16:32.700201+05:30,2026-09-26 05:13:31.443102+05:30,1.0,120,20,30,True,False,1,15,uncalibrated_historical_profile_scenario
LOC009_20260925,LOC009,Lohit Hostel,2026-09-25,lower_daylight,2026-09-25 17:00:00+05:30,2026-09-26 05:45:00+05:30,2026-09-25 16:23:00+05:30,2026-09-26 07:19:00+05:30,2026-09-25 17:16:32.700201+05:30,2026-09-26 05:13:31.443102+05:30,0.02,80,100,150,True,False,1,15,uncalibrated_historical_profile_scenario
LOC009_20260925,LOC009,Lohit Hostel,2026-09-25,central,2026-09-25 17:00:00+05:30,2026-09-26 05:45:00+05:30,2026-09-25 16:55:00+05:30,2026-09-26 06:05:00+05:30,2026-09-25 17:16:32.700201+05:30,2026-09-26 05:13:31.443102+05:30,0.05,100,100,150,True,False,1,15,uncalibrated_historical_profile_scenario
LOC009_20260925,LOC009,Lohit Hostel,2026-09-25,higher_daylight,2026-09-25 17:00:00+05:30,2026-09-26 05:45:00+05:30,2026-09-25 17:16:00+05:30,2026-09-26 05:40:00+05:30,2026-09-25 17:16:32.700201+05:30,2026-09-26 05:13:31.443102+05:30,0.15,120,100,150,True,False,1,15,uncalibrated_historical_profile_scenario
LOC010_20260925,LOC010,Disang Hostel,2026-09-25,lower_daylight,2026-09-25 17:00:00+05:30,2026-09-26 05:45:00+05:30,2026-09-25 16:23:00+05:30,2026-09-26 07:19:00+05:30,2026-09-25 17:16:32.700201+05:30,2026-09-26 05:13:31.443102+05:30,0.02,80,100,150,True,False,1,15,uncalibrated_historical_profile_scenario
LOC010_20260925,LOC010,Disang Hostel,2026-09-25,central,2026-09-25 17:00:00+05:30,2026-09-26 05:45:00+05:30,2026-09-25 16:55:00+05:30,2026-09-26 06:05:00+05:30,2026-09-25 17:16:32.700201+05:30,2026-09-26 05:13:31.443102+05:30,0.05,100,100,150,True,False,1,15,uncalibrated_historical_profile_scenario
LOC010_20260925,LOC010,Disang Hostel,2026-09-25,higher_daylight,2026-09-25 17:00:00+05:30,2026-09-26 05:45:00+05:30,2026-09-25 17:16:00+05:30,2026-09-26 05:40:00+05:30,2026-09-25 17:16:32.700201+05:30,2026-09-26 05:13:31.443102+05:30,0.15,120,100,150,True,False,1,15,uncalibrated_historical_profile_scenario
LOC003_20260926,LOC003,IIT Road,2026-09-26,lower_daylight,2026-09-26 16:30:00+05:30,2026-09-27 05:45:00+05:30,2026-09-26 17:15:00+05:30,2026-09-27 05:23:00+05:30,2026-09-26 17:15:26.094754+05:30,2026-09-27 05:13:56.781788+05:30,0.8,80,20,30,True,False,1,15,uncalibrated_historical_profile_scenario
LOC003_20260926,LOC003,IIT Road,2026-09-26,central,2026-09-26 16:30:00+05:30,2026-09-27 05:45:00+05:30,2026-09-26 17:15:00+05:30,2026-09-27 05:22:00+05:30,2026-09-26 17:15:26.094754+05:30,2026-09-27 05:13:56.781788+05:30,1.0,100,20,30,True,False,1,15,uncalibrated_historical_profile_scenario
LOC003_20260926,LOC003,IIT Road,2026-09-26,higher_daylight,2026-09-26 16:30:00+05:30,2026-09-27 05:45:00+05:30,2026-09-26 17:15:00+05:30,2026-09-27 05:22:00+05:30,2026-09-26 17:15:26.094754+05:30,2026-09-27 05:13:56.781788+05:30,1.0,120,20,30,True,False,1,15,uncalibrated_historical_profile_scenario
LOC001_20260926,LOC001,IITG Border Road,2026-09-26,lower_daylight,2026-09-26 16:45:00+05:30,2026-09-27 05:30:00+05:30,2026-09-26 17:15:00+05:30,2026-09-27 05:30:00+05:30,2026-09-26 17:15:26.094754+05:30,2026-09-27 05:13:56.781788+05:30,0.2,80,20,30,True,False,1,15,uncalibrated_historical_profile_scenario
LOC001_20260926,LOC001,IITG Border Road,2026-09-26,central,2026-09-26 16:45:00+05:30,2026-09-27 05:30:00+05:30,2026-09-26 17:15:00+05:30,2026-09-27 05:25:00+05:30,2026-09-26 17:15:26.094754+05:30,2026-09-27 05:13:56.781788+05:30,0.4,100,20,30,True,False,1,15,uncalibrated_historical_profile_scenario
LOC001_20260926,LOC001,IITG Border Road,2026-09-26,higher_daylight,2026-09-26 16:45:00+05:30,2026-09-27 05:30:00+05:30,2026-09-26 17:15:00+05:30,2026-09-27 05:22:00+05:30,2026-09-26 17:15:26.094754+05:30,2026-09-27 05:13:56.781788+05:30,0.7,120,20,30,True,False,1,15,uncalibrated_historical_profile_scenario
LOC002_20260926,LOC002,Surjyamukhi Road,2026-09-26,lower_daylight,2026-09-26 16:45:00+05:30,2026-09-27 05:30:00+05:30,2026-09-26 17:15:00+05:30,2026-09-27 05:35:00+05:30,2026-09-26 17:15:26.094754+05:30,2026-09-27 05:13:56.781788+05:30,0.1,80,20,30,True,False,1,15,uncalibrated_historical_profile_scenario
LOC002_20260926,LOC002,Surjyamukhi Road,2026-09-26,central,2026-09-26 16:45:00+05:30,2026-09-27 05:30:00+05:30,2026-09-26 17:15:00+05:30,2026-09-27 05:27:00+05:30,2026-09-26 17:15:26.094754+05:30,2026-09-27 05:13:56.781788+05:30,0.25,100,20,30,True,False,1,15,uncalibrated_historical_profile_scenario
LOC002_20260926,LOC002,Surjyamukhi Road,2026-09-26,higher_daylight,2026-09-26 16:45:00+05:30,2026-09-27 05:30:00+05:30,2026-09-26 17:15:00+05:30,2026-09-27 05:23:00+05:30,2026-09-26 17:15:26.094754+05:30,2026-09-27 05:13:56.781788+05:30,0.5,120,20,30,True,False,1,15,uncalibrated_historical_profile_scenario
LOC006_20260926,LOC006,Umiam Hostel Road,2026-09-26,lower_daylight,2026-09-26 16:45:00+05:30,2026-09-27 05:30:00+05:30,2026-09-26 17:15:00+05:30,2026-09-27 05:26:00+05:30,2026-09-26 17:15:26.094754+05:30,2026-09-27 05:13:56.781788+05:30,0.4,80,20,30,True,False,1,15,uncalibrated_historical_profile_scenario
LOC006_20260926,LOC006,Umiam Hostel Road,2026-09-26,central,2026-09-26 16:45:00+05:30,2026-09-27 05:30:00+05:30,2026-09-26 17:15:00+05:30,2026-09-27 05:23:00+05:30,2026-09-26 17:15:26.094754+05:30,2026-09-27 05:13:56.781788+05:30,0.65,100,20,30,True,False,1,15,uncalibrated_historical_profile_scenario
LOC006_20260926,LOC006,Umiam Hostel Road,2026-09-26,higher_daylight,2026-09-26 16:45:00+05:30,2026-09-27 05:30:00+05:30,2026-09-26 17:15:00+05:30,2026-09-27 05:22:00+05:30,2026-09-26 17:15:26.094754+05:30,2026-09-27 05:13:56.781788+05:30,0.85,120,20,30,True,False,1,15,uncalibrated_historical_profile_scenario
LOC007_20260926,LOC007,KV Road,2026-09-26,lower_daylight,2026-09-26 16:45:00+05:30,2026-09-27 05:30:00+05:30,2026-09-26 17:15:00+05:30,2026-09-27 05:35:00+05:30,2026-09-26 17:15:26.094754+05:30,2026-09-27 05:13:56.781788+05:30,0.1,80,20,30,True,False,1,15,uncalibrated_historical_profile_scenario
LOC007_20260926,LOC007,KV Road,2026-09-26,central,2026-09-26 16:45:00+05:30,2026-09-27 05:30:00+05:30,2026-09-26 17:15:00+05:30,2026-09-27 05:27:00+05:30,2026-09-26 17:15:26.094754+05:30,2026-09-27 05:13:56.781788+05:30,0.25,100,20,30,True,False,1,15,uncalibrated_historical_profile_scenario
LOC007_20260926,LOC007,KV Road,2026-09-26,higher_daylight,2026-09-26 16:45:00+05:30,2026-09-27 05:30:00+05:30,2026-09-26 17:15:00+05:30,2026-09-27 05:23:00+05:30,2026-09-26 17:15:26.094754+05:30,2026-09-27 05:13:56.781788+05:30,0.5,120,20,30,True,False,1,15,uncalibrated_historical_profile_scenario
LOC004_20260926,LOC004,Radhasura Road,2026-09-26,lower_daylight,2026-09-26 17:00:00+05:30,2026-09-27 05:45:00+05:30,2026-09-26 17:15:00+05:30,2026-09-27 05:35:00+05:30,2026-09-26 17:15:26.094754+05:30,2026-09-27 05:13:56.781788+05:30,0.1,80,20,30,True,False,1,15,uncalibrated_historical_profile_scenario
LOC004_20260926,LOC004,Radhasura Road,2026-09-26,central,2026-09-26 17:00:00+05:30,2026-09-27 05:45:00+05:30,2026-09-26 17:15:00+05:30,2026-09-27 05:27:00+05:30,2026-09-26 17:15:26.094754+05:30,2026-09-27 05:13:56.781788+05:30,0.25,100,20,30,True,False,1,15,uncalibrated_historical_profile_scenario
LOC004_20260926,LOC004,Radhasura Road,2026-09-26,higher_daylight,2026-09-26 17:00:00+05:30,2026-09-27 05:45:00+05:30,2026-09-26 17:15:00+05:30,2026-09-27 05:23:00+05:30,2026-09-26 17:15:26.094754+05:30,2026-09-27 05:13:56.781788+05:30,0.5,120,20,30,True,False,1,15,uncalibrated_historical_profile_scenario
LOC005_20260926,LOC005,Godhuli Gopal Road,2026-09-26,lower_daylight,2026-09-26 17:00:00+05:30,2026-09-27 05:30:00+05:30,2026-09-26 17:15:00+05:30,2026-09-27 05:35:00+05:30,2026-09-26 17:15:26.094754+05:30,2026-09-27 05:13:56.781788+05:30,0.1,80,20,30,True,False,1,15,uncalibrated_historical_profile_scenario
LOC005_20260926,LOC005,Godhuli Gopal Road,2026-09-26,central,2026-09-26 17:00:00+05:30,2026-09-27 05:30:00+05:30,2026-09-26 17:15:00+05:30,2026-09-27 05:27:00+05:30,2026-09-26 17:15:26.094754+05:30,2026-09-27 05:13:56.781788+05:30,0.25,100,20,30,True,False,1,15,uncalibrated_historical_profile_scenario
LOC005_20260926,LOC005,Godhuli Gopal Road,2026-09-26,higher_daylight,2026-09-26 17:00:00+05:30,2026-09-27 05:30:00+05:30,2026-09-26 17:15:00+05:30,2026-09-27 05:23:00+05:30,2026-09-26 17:15:26.094754+05:30,2026-09-27 05:13:56.781788+05:30,0.5,120,20,30,True,False,1,15,uncalibrated_historical_profile_scenario
LOC008_20260926,LOC008,Disang Road,2026-09-26,lower_daylight,2026-09-26 17:00:00+05:30,2026-09-27 05:45:00+05:30,2026-09-26 17:15:00+05:30,2026-09-27 05:23:00+05:30,2026-09-26 17:15:26.094754+05:30,2026-09-27 05:13:56.781788+05:30,0.8,80,20,30,True,False,1,15,uncalibrated_historical_profile_scenario
LOC008_20260926,LOC008,Disang Road,2026-09-26,central,2026-09-26 17:00:00+05:30,2026-09-27 05:45:00+05:30,2026-09-26 17:15:00+05:30,2026-09-27 05:22:00+05:30,2026-09-26 17:15:26.094754+05:30,2026-09-27 05:13:56.781788+05:30,1.0,100,20,30,True,False,1,15,uncalibrated_historical_profile_scenario
LOC008_20260926,LOC008,Disang Road,2026-09-26,higher_daylight,2026-09-26 17:00:00+05:30,2026-09-27 05:45:00+05:30,2026-09-26 17:15:00+05:30,2026-09-27 05:22:00+05:30,2026-09-26 17:15:26.094754+05:30,2026-09-27 05:13:56.781788+05:30,1.0,120,20,30,True,False,1,15,uncalibrated_historical_profile_scenario
LOC009_20260926,LOC009,Lohit Hostel,2026-09-26,lower_daylight,2026-09-26 17:00:00+05:30,2026-09-27 05:45:00+05:30,2026-09-26 16:24:00+05:30,2026-09-27 07:22:00+05:30,2026-09-26 17:15:26.094754+05:30,2026-09-27 05:13:56.781788+05:30,0.02,80,100,150,True,False,1,15,uncalibrated_historical_profile_scenario
LOC009_20260926,LOC009,Lohit Hostel,2026-09-26,central,2026-09-26 17:00:00+05:30,2026-09-27 05:45:00+05:30,2026-09-26 16:54:00+05:30,2026-09-27 06:08:00+05:30,2026-09-26 17:15:26.094754+05:30,2026-09-27 05:13:56.781788+05:30,0.05,100,100,150,True,False,1,15,uncalibrated_historical_profile_scenario
LOC009_20260926,LOC009,Lohit Hostel,2026-09-26,higher_daylight,2026-09-26 17:00:00+05:30,2026-09-27 05:45:00+05:30,2026-09-26 17:15:00+05:30,2026-09-27 05:40:00+05:30,2026-09-26 17:15:26.094754+05:30,2026-09-27 05:13:56.781788+05:30,0.15,120,100,150,True,False,1,15,uncalibrated_historical_profile_scenario
LOC010_20260926,LOC010,Disang Hostel,2026-09-26,lower_daylight,2026-09-26 17:00:00+05:30,2026-09-27 05:45:00+05:30,2026-09-26 16:24:00+05:30,2026-09-27 07:22:00+05:30,2026-09-26 17:15:26.094754+05:30,2026-09-27 05:13:56.781788+05:30,0.02,80,100,150,True,False,1,15,uncalibrated_historical_profile_scenario
LOC010_20260926,LOC010,Disang Hostel,2026-09-26,central,2026-09-26 17:00:00+05:30,2026-09-27 05:45:00+05:30,2026-09-26 16:54:00+05:30,2026-09-27 06:08:00+05:30,2026-09-26 17:15:26.094754+05:30,2026-09-27 05:13:56.781788+05:30,0.05,100,100,150,True,False,1,15,uncalibrated_historical_profile_scenario
LOC010_20260926,LOC010,Disang Hostel,2026-09-26,higher_daylight,2026-09-26 17:00:00+05:30,2026-09-27 05:45:00+05:30,2026-09-26 17:15:00+05:30,2026-09-27 05:40:00+05:30,2026-09-26 17:15:26.094754+05:30,2026-09-27 05:13:56.781788+05:30,0.15,120,100,150,True,False,1,15,uncalibrated_historical_profile_scenario
